mtllib mario_atlas.mtl
o mario
v -1.472499966621399 -1.024100292869413 1.5574000598280224
v -1.4323999881744385 -1.1841004028847044 1.5774000219442819
v -1.007599949836731 -0.8939003347898473 1.7675001602912501
v 1.0628999471664429 -1.5924003954525687 1.6872999795627908
v 1.0979000329971313 -1.6173004607767563 1.5622999594223876
v 1.1376999616622925 -1.4074004278300851 1.6874000210265427
v 1.1877000331878662 -1.4373003691765953 1.55740000431094
v -1.007599949836731 -0.8938003609922718 1.6425001435098232
v -1.3278000354766846 -0.5990002702290944 1.5826001296758208
v -1.3278000354766846 -0.5240002552782537 1.4576001229578763
v -0.7720000147819519 -1.7037004107342695 1.7522000139550722
v -0.9570000171661377 -1.7138004124305484 1.7022000535638262
v -0.7720000147819519 -1.7636004473824116 1.6271999891121136
v -0.9869999885559082 -1.7388004943621072 1.577200033409985
v 1.4825999736785889 -1.1870003901945971 1.4474000088563614
v 1.4276000261306763 -1.1871004235968254 1.5724000256377804
v 1.3726999759674072 -1.3321004125848788 1.4874000757975738
v 1.3726999759674072 -1.332200445987107 1.6124000925789927
v -1.072100043296814 -1.5939004068028813 1.692199958657302
v -1.1471999883651733 -1.4089004391803976 1.692300000121054
v -1.107100009918213 -1.6189003695251345 1.5671999385034767
v -1.1971999406814575 -1.4389003971342793 1.5622999833920128
v -1.5325000286102295 -1.024100276074556 1.4324000430331654
v -1.4874000549316406 -1.1841003860898474 1.4524000051494248
v 1.4674999713897705 -1.0271003135949717 1.552500080128892
v 1.527500033378601 -1.0270002801927434 1.427500063347473
v 1.4573999643325806 -0.8671003248178047 1.5476001223302538
v 1.5124000310897827 -0.8670002914155764 1.4226001055488349
v 1.3221999406814575 -0.6022002645513047 1.5776001333424512
v 1.322100043296814 -0.5272002496139021 1.452700143231878
v 1.0024000406265259 -0.8925003400334677 1.7625001645759295
v 1.0024000406265259 -0.8924003662358923 1.6375001477945026
v 0.4724999964237213 -1.087900463789203 2.0474001266284985
v 0.4675000011920929 -1.087900429527695 1.7924000971353622
v -0.4724999964237213 -1.0886004615033056 2.0524002416471756
v -0.4724999964237213 -1.0885004106344105 1.7974000929581715
v 0.5479999780654907 -1.8528005080908085 1.8422000393930607
v 0.6031000018119812 -1.9027004290202292 1.6821999253604454
v 0.7678999900817871 -1.7026004658000036 1.7472000181994376
v 0.7680000066757202 -1.7626003998462112 1.6221999933430569
v -1.4625999927520752 -0.864100304092246 1.552500102029384
v -1.5176000595092773 -0.8641002872973889 1.427500085234527
v -1.3773000240325928 -1.3341004045575988 1.6173000716197674
v -1.3823000192642212 -1.3340003711553705 1.4923000548383485
v 0.9779999852180481 -1.7374004996057115 1.572199918485359
v 0.9528999924659729 -1.7125004342949621 1.6972999552331334
v -0.5519000291824341 -1.8536005224122662 1.847200035188994
v -0.6068999767303467 -1.903500443328265 1.687100023758313
v -0.3418999910354614 -1.8684004842975201 1.9021999881381317
v -0.37689998745918274 -1.9184005417019894 1.7470999725974188
v 0.017999999225139618 -1.748200534621172 1.7921999752034645
v 0.017999999225139618 -1.7532005560527846 1.9822000572803204
v -0.02199999988079071 -1.748200534621172 1.7921999752034645
v -0.02199999988079071 -1.7532005560527846 1.9822000572803204
v 0.37310001254081726 -1.9179004580067778 1.7421999933685584
v 0.33799999952316284 -1.8680005364055472 1.8971999922884462
v -0.18000000715255737 0.5024998578826005 1.5425002938373502
v -0.3199999928474426 0.737499885623604 1.6775003340133845
v -0.3799999952316284 0.7274998985193155 1.6425003613458429
v -0.949999988079071 0.9324999349017687 1.4525003061407569
v -0.7900000214576721 1.002499987353856 1.522500377403098
v -0.8999999761581421 0.9974999634201144 1.2875003308518487
v -0.7099999785423279 1.0424999774222485 1.3525002836424862
v -1.1150000095367432 0.6024999354680138 1.2425001954399988
v -1.1649999618530273 0.652499880394552 1.347500235339104
v -1.2549999952316284 0.4124998872242463 1.2075001985878577
v -0.23999999463558197 0.7074998640343078 1.577500292704868
v -1.25 0.6824999201222925 1.3125002680459195
v -1.2450000047683716 0.6474999059885423 1.1875002465484987
v -0.5249999761581421 0.8624999118235881 1.607500288951027
v -0.46000000834465027 0.8074999154197371 1.472500272959588
v -0.7900000214576721 0.9174999371145818 1.5275003618860123
v -1.059999942779541 0.7974999316744166 1.4125003207749358
v -0.7149999737739563 0.8324999077009265 1.377500354153537
v -0.35499998927116394 0.91749994047355 1.502500382368902
v -0.5199999809265137 1.027499978963268 1.4325003352911636
v -0.4050000011920929 0.8824998893911176 1.652500373978306
v -1.1399999856948853 0.8374999257735708 1.2125002515937915
v -0.3199999928474426 0.6824998905633403 1.5325003262151011
v -0.9700000286102295 0.7424999339269782 1.2875002965903408
v -0.6200000047683716 0.987499932649207 1.5775003303253519
v -1.1549999713897705 0.822499916565892 1.372500237697222
v 0.4115000069141388 0.8824998944295779 1.6150003450979877
v 0.531499981880188 0.8624999161902388 1.5750003751834365
v 0.6265000104904175 0.9874999376876674 1.5400003014450336
v 0.796500027179718 0.9174999421530421 1.4900003330056941
v 1.066499948501587 0.7974999367128769 1.3750002918946176
v 0.9564999938011169 0.9324999399402291 1.4150002772604386
v 1.256500005722046 0.6824999251607529 1.2750002391656012
v 1.1614999771118164 0.8224999216043364 1.3350003280262093
v 1.1714999675750732 0.6524998854330123 1.3100002064587857
v 0.30149999260902405 0.75749987561934 1.630000316013397
v 0.3815000057220459 0.7274999028859822 1.6100003283689466
v 0.796500027179718 1.0024999923923164 1.4850003485227798
v 0.7164999842643738 1.0424999824606929 1.3150003739714735
v 0.46149998903274536 0.8074999204581974 1.4350002440792697
v 0.7214999794960022 0.832499912739387 1.3400003252732189
v 1.121500015258789 0.6024999405064582 1.205000285768986
v 0.9764999747276306 0.7424999396372322 1.2450002718066004
v 1.1464999914169312 0.8374999308120311 1.1750002227134733
v 0.3865000009536743 0.9524999161641712 1.4700003540945612
v 1.2615000009536743 0.4124998922627066 1.1700001697075395
v 0.5264999866485596 1.0274999840017283 1.3950003064108454
v 0.18150000274181366 0.5024998635928545 1.5000002690536098
v 0.3215000033378601 0.6824998956018006 1.495000297334783
v 0.906499981880188 0.9974999684585747 1.2500003019715304
v 0.24150000512599945 0.7724998774372885 1.5250002848476087
v 1.2515000104904175 0.6474999110270027 1.1500002176681805
v -0.5242999792098999 -0.13150019755962922 1.296300210097699
v -0.5026000142097473 -0.1544002018990206 1.3041001910934753
v -0.5336999893188477 -0.09000018901837231 1.290200156298392
v -0.4607999920845032 -0.16970019681046633 1.3196001405756026
v -0.5278000235557556 -0.045300178301260034 1.2861001966578467
v -0.5108000040054321 -0.022300176147125088 1.293400219993144
v -0.4733999967575073 0.0032998253021638705 1.3034002152395747
v -0.43639999628067017 -0.016300178880438918 1.3132001711982426
v -0.42340001463890076 -0.14410019349853198 1.3296001358220335
v -0.4099000096321106 -0.034800183418337606 1.3267001457309129
v -0.40049999952316284 -0.07630019195959453 1.3328001995302199
v -0.4058000147342682 -0.12100019455433157 1.331900163267344
v -0.5242999792098999 -0.13150019755962922 1.296300210097699
v -0.5026000142097473 -0.1544002018990206 1.3041001910934753
v -0.5336999893188477 -0.09000018901837231 1.290200156298392
v -0.4607999920845032 -0.16970019681046633 1.3196001405756026
v -0.5278000235557556 -0.045300178301260034 1.2861001966578467
v -0.5108000040054321 -0.022300176147125088 1.293400219993144
v -0.4733999967575073 0.0032998253021638705 1.3034002152395747
v -0.43639999628067017 -0.016300178880438918 1.3132001711982426
v -0.42340001463890076 -0.14410019349853198 1.3296001358220335
v -0.4099000096321106 -0.034800183418337606 1.3267001457309129
v -0.40049999952316284 -0.07630019195959453 1.3328001995302199
v -0.4058000147342682 -0.12100019455433157 1.331900163267344
v -0.4368000030517578 -0.3587002316601504 1.3119001477165546
v -0.34860000014305115 -0.31420023595772467 1.338700193726704
v -0.5364999771118164 -0.33620021585858356 1.2789001539351832
v -0.6046000123023987 -0.24730020155805937 1.2603001763505832
v -0.6355000138282776 -0.10230018374927788 1.2417002063035147
v -0.6276999711990356 0.03789984022491032 1.2331002274183689
v -0.5710999965667725 0.13689984450485496 1.2408002081851173
v -0.4724000096321106 0.1801998500456791 1.2638002190004585
v -0.37770000100135803 0.15829984456197302 1.2962002324275248
v -0.3212999999523163 0.07049983230129457 1.3284002037856004
v -0.289900004863739 -0.06450018694873107 1.3522002042944217
v -0.29820001125335693 -0.2147002094951132 1.3557001693251862
v -0.4368000030517578 -0.3587002316601504 1.3119001477165546
v -0.34860000014305115 -0.31420023595772467 1.338700193726704
v -0.5364999771118164 -0.33620021585858356 1.2789001539351832
v -0.6046000123023987 -0.24730020155805937 1.2603001763505832
v -0.6355000138282776 -0.10230018374927788 1.2417002063035147
v -0.6276999711990356 0.03789984022491032 1.2331002274183689
v -0.5710999965667725 0.13689984450485496 1.2408002081851173
v -0.4724000096321106 0.1801998500456791 1.2638002190004585
v -0.37770000100135803 0.15829984456197302 1.2962002324275248
v -0.3212999999523163 0.07049983230129457 1.3284002037856004
v -0.289900004863739 -0.06450018694873107 1.3522002042944217
v -0.29820001125335693 -0.2147002094951132 1.3557001693251862
v -0.25929999351501465 -0.42030024267968574 1.3348001278302803
v -0.41429999470710754 -0.4918002494974331 1.2892000554485958
v -0.21699999272823334 -0.43410023095758843 1.2696001460168997
v -0.18219999969005585 -0.26360020932538397 1.3554001129329252
v -0.13500000536441803 -0.27800020793458563 1.290900128081221
v -0.16680000722408295 -0.058800189726842596 1.3481001202045744
v -0.11959999799728394 -0.07320018461075344 1.2836001353528705
v -0.21089999377727509 0.13329984724154714 1.3178002399815711
v -0.3111000061035156 0.2666998640968146 1.275000183299188
v -0.16359999775886536 0.11879984692615349 1.2533001359071252
v -0.4717000126838684 0.3067998852579839 1.2190001868849298
v -0.26829999685287476 0.2578998716954578 1.2100002353723431
v -0.6273999810218811 0.23529987776842695 1.178400229615973
v -0.585099995136261 0.22149987458937706 1.1132001285932847
v -0.7156000137329102 0.07969985457636213 1.166400123174077
v -0.6676999926567078 0.06529986408953573 1.0969001424189513
v -0.730400025844574 -0.12010017285748611 1.1738001331815922
v -0.6832000017166138 -0.13450016401610618 1.1093001483298885
v -0.6862999796867371 -0.31710019216200175 1.1990001194447515
v -0.5809999704360962 -0.4561002145667585 1.2374001599062243
v -0.6391000151634216 -0.3315001907712034 1.134500134593047
v -0.5338000059127808 -0.4705002131759441 1.1729000558452143
v -0.3720000088214874 -0.5056002079730094 1.224000073635219
v -0.4250999987125397 0.2923998859769886 1.1595001979366475
v 0.5256999731063843 -0.13060019672870105 1.2935001028401445
v 0.5320000052452087 -0.08980018537754034 1.2885001124185647
v 0.5030999779701233 -0.15250019888031513 1.301100169964843
v 0.4657000005245209 -0.17570019367902143 1.3107002114343835
v 0.5238000154495239 -0.04540018061207112 1.2906001095109767
v 0.5024999976158142 -0.027000178161531916 1.2938001665818364
v 0.46219998598098755 -0.010200177023083377 1.3046001742955735
v 0.4250999987125397 -0.028400181246774736 1.3192002123403292
v 0.42989999055862427 -0.15350020371496864 1.3210001368368007
v 0.40209999680519104 -0.04540018550274422 1.3270001941288225
v 0.3962000012397766 -0.09110019102424273 1.3318001506773025
v 0.4043999910354614 -0.13560019750935806 1.3298001701788258
v 0.5256999731063843 -0.13060019672870105 1.2935001028401445
v 0.5320000052452087 -0.08980018537754034 1.2885001124185647
v 0.5030999779701233 -0.15250019888031513 1.301100169964843
v 0.4657000005245209 -0.17570019367902143 1.3107002114343835
v 0.5238000154495239 -0.04540018061207112 1.2906001095109767
v 0.5024999976158142 -0.027000178161531916 1.2938001665818364
v 0.46219998598098755 -0.010200177023083377 1.3046001742955735
v 0.4250999987125397 -0.028400181246774736 1.3192002123403292
v 0.42989999055862427 -0.15350020371496864 1.3210001368368007
v 0.40209999680519104 -0.04540018550274422 1.3270001941288225
v 0.3962000012397766 -0.09110019102424273 1.3318001506773025
v 0.4043999910354614 -0.13560019750935806 1.3298001701788258
v 0.3693000078201294 -0.3338002116179553 1.3303001073764524
v 0.4634999930858612 -0.36600022008748656 1.29690015902547
v 0.5575000047683716 -0.3280002230935638 1.2650001115891307
v 0.6141999959945679 -0.2381002070083257 1.2492001223080618
v 0.6367999911308289 -0.0906001775021557 1.23920015031915
v 0.6057999730110168 0.052499838635065146 1.241300160672781
v 0.5450999736785889 0.14279985366815565 1.2564001771230238
v 0.44530001282691956 0.1746998575967896 1.2855002457818743
v 0.35089999437332153 0.14169984157826548 1.3176002078954423
v 0.30090001225471497 0.046999824342217666 1.3424001414740263
v 0.28349998593330383 -0.09520019729594369 1.3569001462509125
v 0.30889999866485596 -0.23860021424875497 1.3505001369958445
v 0.3693000078201294 -0.3338002116179553 1.3303001073764524
v 0.4634999930858612 -0.36600022008748656 1.29690015902547
v 0.5575000047683716 -0.3280002230935638 1.2650001115891307
v 0.6141999959945679 -0.2381002070083257 1.2492001223080618
v 0.6367999911308289 -0.0906001775021557 1.23920015031915
v 0.6057999730110168 0.052499838635065146 1.241300160672781
v 0.5450999736785889 0.14279985366815565 1.2564001771230238
v 0.44530001282691956 0.1746998575967896 1.2855002457818743
v 0.35089999437332153 0.14169984157826548 1.3176002078954423
v 0.30090001225471497 0.046999824342217666 1.3424001414740263
v 0.28349998593330383 -0.09520019729594369 1.3569001462509125
v 0.30889999866485596 -0.23860021424875497 1.3505001369958445
v 0.2969000041484833 -0.4494002464535751 1.327400087068023
v 0.2502000033855438 -0.4612002318472818 1.2729000943724975
v 0.45089998841285706 -0.5017002228562046 1.2755001630947007
v 0.2029000073671341 -0.30160023153998866 1.3532001000930363
v 0.15649999678134918 -0.31840021281024117 1.2985000735109746
v 0.1680999994277954 -0.09880019981344967 1.362100174885385
v 0.1216999962925911 -0.11560018853428376 1.3074001483033224
v 0.1906999945640564 0.09909983401391918 1.3431001455164162
v 0.2759999930858612 0.24679986263935216 1.3096002047292226
v 0.14429999887943268 0.08229983784248747 1.2884002381436581
v 0.42660000920295715 0.2996998635481215 1.2553002539414544
v 0.2295999974012375 0.22999986646793646 1.2549001781471592
v 0.5910999774932861 0.24809986880294588 1.2070002126717119
v 0.5443999767303467 0.23629988340923921 1.1525002199761865
v 0.6898000240325928 0.10569985667136601 1.1808001339427519
v 0.6434000134468079 0.08889986049995031 1.1261001073606882
v 0.7254999876022339 -0.0924001707128151 1.1819001707980399
v 0.6833999752998352 -0.10870016505136595 1.1216001679448122
v 0.7020000219345093 -0.29500018653079707 1.190900088519375
v 0.6111000180244446 -0.44310022885391687 1.2201001496009993
v 0.6556000113487244 -0.31180019760337596 1.1362000619373094
v 0.5702999830245972 -0.45950023366596837 1.1696001053264362
v 0.4097999930381775 -0.513200218596755 1.2252001526932397
v 0.3853999972343445 0.28819986779413287 1.2051002601473646
v 1.412500023841858 0.8825003226984331 -1.5725000831708673
v 1.7174999713897705 1.687500323133046 -0.7174998410616757
v 2.1675000190734863 0.6575002885946252 -1.2775001166810926
v 1.7975000143051147 -0.03249972807482509 -2.0475001745622325
v 2.047499895095825 -0.22249991244943196 -0.8475001699900232
v 1.6924999952316284 -0.652499889799663 -1.2775002926911951
v 2.447499990463257 0.14250016884761593 -1.1275001895639405
v 1.7424999475479126 0.6024999253910932 1.3175002532006352
v 1.212499976158142 1.0724998587915748 2.0525004294081697
v 1.402500033378601 0.9524998143873463 2.227500389114184
v 1.162500023841858 0.7624999773303647 0.8425001870357297
v 1.6124999523162842 0.4625000120066152 0.41750010750695704
v 2.2225000858306885 0.2375000796504638 -0.3775000164260542
v 1.777500033378601 2.0875003553518314 0.15250030454013064
v 2.1524999141693115 1.4325002681117274 -0.5274998521791869
v 1.212499976158142 2.602500233257915 0.5825004088594641
v 0.9125000238418579 2.7525004078970823 0.14250038718075783
v 0.5924999713897705 2.882500219427153 0.7525004860102484
v 1.027500033378601 -0.7874997349703194 -2.9375005004867436
v 0.5824999809265137 -0.017499597669724035 -3.0125004547910574
v 0.6575000286102295 1.1524998351992843 2.6275005650969487
v 1.1775000095367432 1.7175000405845797 1.2025003780227406
v 1.587499976158142 1.292500078191383 0.8525003096574248
v 1.3125 2.2125002592852483 0.9925004377727064
v 0.5674999952316284 1.8975004009158916 -0.8024998624137913
v 0.6324999928474426 0.8575003666941163 -1.7475000623589132
v 0.24250000715255737 0.9975003221582717 -1.3825001041802536
v 0.6075000166893005 0.9474999642632727 1.1425003237253588
v 1.5674999952316284 0.6924999260368192 1.2075002362083378
v 2.0274999141693115 0.7525000822618932 0.12250011994818526
v 2.3524999618530273 1.0825001576084075 -0.23249988758311405
v 1.4924999475479126 2.24250040534153 -0.27749973956111706
v 0.4925000071525574 2.422500262567284 -0.31249971650282676
v 0.30250000953674316 2.7625003997039266 0.1425003885243451
v 0.7174999713897705 2.5025002312151883 1.2075004793978765
v -0.0024999999441206455 2.3475002141434023 1.392500545417485
v 1.8324999809265137 1.7975001741921535 0.6075003398223547
v 0.8924999833106995 1.642500090612741 1.2875004175133165
v 0.7225000262260437 1.2725000280700678 1.3475003186416037
v 0.33250001072883606 2.312500131671682 1.3325004706645431
v 0.737500011920929 2.157500146846022 1.2775004949012816
v 1.1825000047683716 0.9225000163204956 0.9075002744869427
v 1.0425000190734863 0.6025003963188847 -2.1875002129587844
v 0.20250000059604645 0.8025003716338686 -1.8925001893665023
v 2.0274999141693115 -0.3924998243388282 -1.7975003085510142
v 0.4124999940395355 0.5225003822906991 -2.482500339637317
v -0.20749999582767487 0.8025003716338686 -1.8925001893665023
v -0.5625 -0.017499597669724035 -3.0125004547910574
v -0.41749998927116394 0.5225003822906991 -2.482500339637317
v -0.0024999999441206455 -0.952499700182299 -3.0775006463703787
v -0.5975000262260437 2.882500219427153 0.7525004860102484
v -0.5724999904632568 1.8975004009158916 -0.8024998624137913
v -0.4975000023841858 2.422500262567284 -0.31249971650282676
v -0.3075000047683716 2.7625003997039266 0.1425003885243451
v -0.0024999999441206455 0.9524999386692823 1.302500312515964
v 0.6324999928474426 1.2424997950505956 2.37750054359952
v -0.0024999999441206455 1.1524998351992843 2.6275005650969487
v -0.0024999999441206455 1.2374997951164117 2.4075005183482587
v 1.9924999475479126 -0.007499966914442378 -0.2525000325491165
v 2.012500047683716 -0.11249995402493261 -0.43250007799394863
v 1.9774999618530273 -0.19249993812911279 -0.6175001159832314
v -2.452500104904175 0.14250016884761593 -1.1275001895639405
v -2.2274999618530273 0.2375000796504638 -0.3775000164260542
v -2.3575000762939453 1.0825001576084075 -0.23249988758311405
v -1.9824999570846558 -0.19249993812911279 -0.6175001159832314
v -2.052500009536743 -0.22249991244943196 -0.8475001699900232
v -2.0174999237060547 -0.11249995402493261 -0.43250007799394863
v -2.0325000286102295 0.7525000822618932 0.12250011994818526
v -1.997499942779541 -0.007499966914442378 -0.2525000325491165
v -1.6174999475479126 0.4625000120066152 0.41750010750695704
v -1.587499976158142 1.292500078191383 0.8525003096574248
v -1.4175000190734863 0.8825003226984331 -1.5725000831708673
v -0.637499988079071 0.8575003666941163 -1.7475000623589132
v -1.0475000143051147 0.6025003963188847 -2.1875002129587844
v -1.0325000286102295 -0.7874997349703194 -2.9375005004867436
v -2.0325000286102295 -0.3924998243388282 -1.7975003085510142
v -1.8025000095367432 -0.03249972807482509 -2.0475001745622325
v -1.5674999952316284 0.6924999260368192 1.2075002362083378
v -1.1875 0.9225000163204956 0.9075002744869427
v -1.212499976158142 1.0724998587915748 2.0525004294081697
v -0.7275000214576721 1.2725000280700678 1.3475003186416037
v -0.637499988079071 1.2424997950505956 2.37750054359952
v -0.6625000238418579 1.1524998351992843 2.6275005650969487
v -0.6175000071525574 0.9474999642632727 1.1425003237253588
v -0.0024999999441206455 -1.1774998389009979 -2.447500477514112
v -1.2625000476837158 -1.067499856841994 -2.0975005110764804
v -1.6974999904632568 -0.652499889799663 -1.2775002926911951
v -0.2475000023841858 0.9975003221582717 -1.3825001041802536
v -1.837499976158142 1.7975001741921535 0.6075003398223547
v -1.1825000047683716 1.7175000405845797 1.2025003780227406
v -0.8974999785423279 1.642500090612741 1.2875004175133165
v -0.7425000071525574 2.157500146846022 1.2775004949012816
v -1.3125 2.2125002592852483 0.9925004377727064
v -0.3375000059604645 2.312500131671682 1.3325004706645431
v -0.7225000262260437 2.5025002312151883 1.2075004793978765
v -2.172499895095825 0.6575002885946252 -1.2775001166810926
v -1.212499976158142 2.602500233257915 0.5825004088594641
v -1.7825000286102295 2.0875003553518314 0.15250030454013064
v -0.9125000238418579 2.7525004078970823 0.14250038718075783
v -1.497499942779541 2.24250040534153 -0.27749973956111706
v -1.722499966621399 1.687500323133046 -0.7174998410616757
v -1.7424999475479126 0.6024999253910932 1.3175002532006352
v -1.4075000286102295 0.9524998143873463 2.227500389114184
v -2.1575000286102295 1.4325002681117274 -0.5274998521791869
v -1.1675000190734863 0.7624999833765075 0.7975002239049311
v -0.36250001192092896 1.307499986629927 1.442500364718484
v -0.0024999999441206455 1.342499949892342 1.5025004394714097
v 0.35749998688697815 1.307499986629927 1.442500364718484
v 1.2575000524520874 -1.1724998745718929 -2.2125005501721757
v -0.5674999952316284 1.6825000437324347 1.3925004560688345
v -0.0024999999441206455 1.6825000309683555 1.4875003782338536
v -0.29750001430511475 1.657500059512769 1.4275004240338207
v 0.5625 1.6825000437324347 1.3925004560688345
v 0.29249998927116394 1.657500059512769 1.4275004240338207
v -0.0024999999441206455 -2.3825004068577638 1.1424998763103769
v 0.32749998569488525 -2.3325004458081624 1.127499895318047
v 0.17249999940395355 -2.0975004714406156 0.7724998005168284
v 0.20250000059604645 -2.0775005670986486 1.362499856249681
v 0.35749998688697815 -1.5075003278877528 0.5424998894171852
v 0.35749998688697815 -1.7825004169073229 1.1074998663924178
v 0.6025000214576721 -2.112500388310774 1.1324999207804212
v 0.3725000023841858 -2.0975004714406156 0.7724998005168284
v 0.6875 -1.7975004388790967 1.3624998938701731
v 0.5975000262260437 -1.9375003708304426 0.8224998406531304
v -0.3425000011920929 -1.5025003252663864 0.4924998714501055
v -0.17749999463558197 -2.0975004714406156 0.7724998005168284
v -0.6175000071525574 -1.7275003770218824 1.3624999032753002
v -0.5824999809265137 -1.9175003885603419 0.8324998351471492
v -0.3774999976158142 -2.0975004714406156 0.7724998005168284
v -0.29249998927116394 -1.7175003469227688 1.077499899705219
v -0.5724999904632568 -2.0975005204816073 1.1374999186992083
v -0.33250001072883606 -2.33750056092089 1.1274998946462373
v -0.20749999582767487 -2.0525004690440265 1.3674998555120876
v 2.047499895095825 -0.22249991244943196 -0.8475001699900232
v 1.6924999952316284 -0.652499889799663 -1.2775002926911951
v 1.6124999523162842 0.4625000120066152 0.41750010750695704
v 1.9924999475479126 -0.007499966914442378 -0.2525000325491165
v 2.012500047683716 -0.11249995402493261 -0.43250007799394863
v 1.9774999618530273 -0.19249993812911279 -0.6175001159832314
v -1.9824999570846558 -0.19249993812911279 -0.6175001159832314
v -2.052500009536743 -0.22249991244943196 -0.8475001699900232
v -2.0174999237060547 -0.11249995402493261 -0.43250007799394863
v -1.997499942779541 -0.007499966914442378 -0.2525000325491165
v -1.6174999475479126 0.4625000120066152 0.41750010750695704
v -0.0024999999441206455 -1.1774998389009979 -2.447500477514112
v -1.6974999904632568 -0.652499889799663 -1.2775002926911951
v 1.7374999523162842 -1.3325000239213387 -1.0125003627552382
v 1.3624999523162842 -1.3925000442589315 -1.382500425297927
v 1.412500023841858 -1.002499970558999 -1.6475003941979551
v 1.752500057220459 0.08750000858679789 0.012500013622149994
v 1.6325000524520874 -1.5775000454845673 -1.1325004165645935
v 1.2975000143051147 -1.842500054692262 -1.2225003784312858
v 2.052500009536743 -0.6025001282729653 0.1924999401444937
v 1.8075000047683716 -0.2425000467884208 0.05249997283268834
v 1.622499942779541 -0.43250011897339885 0.41749998725577897
v 1.4574999809265137 -2.0625000906922217 -1.3875005112217773
v 0.5375000238418579 -2.172499967649587 -1.6325005636875294
v 0.2775000035762787 -2.2525000572204585 -2.252500662507123
v 0.1574999988079071 -2.0174998739932613 -2.387500639534475
v 0.38749998807907104 -2.1175000136854565 -2.512500669765237
v 0.48750001192092896 -1.3024998899573468 -2.1925005840251384
v 0.6225000023841858 -1.8925000173871698 -2.0825005150029714
v 0.6175000071525574 -2.0524999665419177 -2.372500537317475
v 0.2775000035762787 -1.762499926760764 -2.662500499170502
v 0.48249998688697815 -1.7974999001000833 -2.647500635372097
v -0.017500000074505806 -1.83749993853765 -2.1175005981464854
v -0.017500000074505806 -1.3274998614129332 -2.252500538225171
v -0.0024999999441206455 -2.157500099148626 -1.6325005616721644
v 1.212499976158142 -2.277499948430803 -2.0225006158900496
v 1.0175000429153442 -1.9824999046847034 -2.3725005279123477
v 1.5125000476837158 -1.9674999203333896 -2.347500665589162
v 0.8274999856948853 -1.5174999166180274 -2.4575005150029714
v 1.3825000524520874 -1.4324998865325782 -2.312500503173918
v 1.2024999856948853 -1.6624999042624773 -2.5525005758593275
v 0.8675000071525574 -1.992499912614595 -2.2525006275738053
v 1.287500023841858 -2.1824999446769704 -1.7425004749064021
v 1.4674999713897705 -2.1624999079915206 -2.1375006254267923
v 1.7074999809265137 -1.6275000565486653 -1.6325004904619742
v 1.722499966621399 -1.8274999514333774 -2.0825005062696382
v 1.902500033378601 -0.6974999205966539 -1.2175002286869756
v 1.9375 -0.8224999340325427 -1.242500224998943
v 1.9424999952316284 -1.0324999997230866 -1.24750024911773
v 2.002500057220459 -0.822500134899026 0.2524999210312669
v 2.117500066757202 -0.7725000772960843 -0.03750011032078724
v 1.9225000143051147 -1.047500186284453 0.23249989228566956
v 1.9524999856948853 -0.30750001820425843 -0.20750006502248605
v 1.8174999952316284 -0.8875001755096733 0.5074999417910777
v 1.7725000381469727 -0.692500146385342 0.43249996983507016
v 1.972499966621399 -0.46750001059721186 -0.39750012456506245
v 1.722499966621399 -0.9425000865956518 -0.26250014998149096
v 0.8575000166893005 -2.2674999720752287 -1.907500589558449
v 0.512499988079071 -2.2525000572204585 -2.252500662507123
v 1.472499966621399 -1.6224998225283669 -2.517500479951703
v 1.2274999618530273 -1.3124999200564764 -1.9075004612457511
v -0.6274999976158142 -1.8925000173871698 -2.0825005150029714
v -0.8324999809265137 -1.5174999166180274 -2.4575005150029714
v -0.4925000071525574 -1.3024998899573468 -2.1925005840251384
v -1.2324999570846558 -1.3124999200564764 -1.9075004612457511
v -1.3875000476837158 -1.4324998865325782 -2.312500503173918
v -1.712499976158142 -1.6275000565486653 -1.6325004904619742
v -1.2925000190734863 -2.1824999446769704 -1.7425004749064021
v -1.462499976158142 -2.0625000906922217 -1.3875005112217773
v -0.862500011920929 -2.2674999720752287 -1.907500589558449
v -0.5674999952316284 -2.1824999594564307 -1.6325005650311166
v -2.0374999046325684 -0.822500134899026 0.2524999210312669
v -1.8174999952316284 -0.8825001816216322 0.5224999301731376
v -1.7925000190734863 -0.6825001539067043 0.42749997527523537
v -1.7274999618530273 -0.9425000865956518 -0.26250014998149096
v -1.9774999618530273 -0.4625000146937898 -0.39750012389326883
v -1.9574999809265137 -0.30750001820425843 -0.20750006502248605
v -1.8125 -0.2425000467884208 0.05249997283268834
v -1.7575000524520874 0.08750000858679789 0.012500013622149994
v -1.3674999475479126 -1.3925000442589315 -1.382500425297927
v -1.4175000190734863 -1.0024999678718245 -1.6675003778116435
v -1.7274999618530273 -1.8274999514333774 -2.0825005062696382
v -1.4774999618530273 -1.6224998225283669 -2.517500479951703
v -1.5175000429153442 -1.9674999203333896 -2.347500665589162
v -1.2074999809265137 -1.6624999042624773 -2.5525005758593275
v -1.0225000381469727 -1.9824999046847034 -2.3725005279123477
v -1.472499966621399 -2.1624999079915206 -2.1375006254267923
v -1.2174999713897705 -2.277499948430803 -2.0225006158900496
v -0.2824999988079071 -1.762499926760764 -2.662500499170502
v -0.16249999403953552 -2.0174998739932613 -2.387500639534475
v -0.39250001311302185 -2.1175000136854565 -2.512500669765237
v -0.48750001192092896 -1.7974999001000833 -2.647500635372097
v -0.6225000023841858 -2.0524999665419177 -2.372500537317475
v -0.5174999833106995 -2.2525000572204585 -2.252500662507123
v -0.2824999988079071 -2.2525000572204585 -2.252500662507123
v -0.8725000023841858 -1.992499912614595 -2.2525006275738053
v -1.9275000095367432 -1.047500186284453 0.23249989228566956
v -2.0924999713897705 -0.7725000772960843 -0.03750011032078724
v -2.057499885559082 -0.6025001282729653 0.1924999401444937
v -1.6375000476837158 -0.4375001142050272 0.41249999068056326
v -1.7424999475479126 -1.3325000239213387 -1.0125003627552382
v -1.9424999952316284 -1.0324999997230866 -1.24750024911773
v -1.902500033378601 -0.6974999205966539 -1.2175002286869756
v -1.9375 -0.8224999340325427 -1.242500224998943
v -1.3025000095367432 -1.842500054692262 -1.2225003784312858
v -1.6124999523162842 -1.5775000454845673 -1.1325004165645935
v 0.4074999988079071 -0.532500259035673 1.1825000921016249
v 0.2874999940395355 0.3724998861637816 1.237500168634037
v 0.27250000834465027 -0.3125002156459673 1.2925001507451683
v -0.29249998927116394 0.3374998823503102 1.2575002667544712
v -0.4124999940395355 -0.5325002623946411 1.2075000716187352
v -0.2775000035762787 -0.32750020604340807 1.3125001323434755
v -0.6924999952316284 -0.5075002004318783 1.0375000950520559
v -0.8374999761581421 -0.3675001932395804 1.0175001302486057
v -0.9075000286102295 -0.16250014452145148 0.9575000877418028
v -0.9075000286102295 0.13749989280597283 0.9575001280494594
v -0.8075000047683716 0.37249991840990043 0.9975001864558198
v -0.6225000023841858 0.5224998992706059 1.1125001719930052
v -0.36250001192092896 0.48249988813322064 1.2175001997998212
v 0.6875 -0.50750019707291 1.0125001155349456
v 0.8324999809265137 -0.35250017438340053 1.0075001404571464
v 0.9024999737739563 -0.142500148021989 0.9725001377438983
v 0.9024999737739563 0.16249988117808753 1.0025002137485337
v 0.8025000095367432 0.40749991214644316 1.052500205700675
v 0.6175000071525574 0.5574999301992132 1.1125001766955689
v 0.35749998688697815 0.5174998906030888 1.2075002126955363
v -0.0024999999441206455 2.3475002141434023 1.392500545417485
v 0.8924999833106995 1.642500090612741 1.2875004175133165
v 0.7225000262260437 1.2725000280700678 1.3475003186416037
v 0.33250001072883606 2.312500131671682 1.3325004706645431
v 0.737500011920929 2.157500146846022 1.2775004949012816
v -0.7275000214576721 1.2725000280700678 1.3475003186416037
v -0.8974999785423279 1.642500090612741 1.2875004175133165
v -0.7425000071525574 2.157500146846022 1.2775004949012816
v -0.3375000059604645 2.312500131671682 1.3325004706645431
v -0.36250001192092896 1.307499986629927 1.442500364718484
v -0.0024999999441206455 1.342499949892342 1.5025004394714097
v 0.35749998688697815 1.307499986629927 1.442500364718484
v -0.5674999952316284 1.6825000437324347 1.3925004560688345
v -0.0024999999441206455 1.6825000309683555 1.4875003782338536
v -0.29750001430511475 1.657500059512769 1.4275004240338207
v 0.5625 1.6825000437324347 1.3925004560688345
v 0.29249998927116394 1.657500059512769 1.4275004240338207
v 1.6924999952316284 -0.652499889799663 -1.2775002926911951
v -0.0024999999441206455 -1.1774998389009979 -2.447500477514112
v -1.2625000476837158 -1.067499856841994 -2.0975005110764804
v -1.6974999904632568 -0.652499889799663 -1.2775002926911951
v 1.2575000524520874 -1.1724998745718929 -2.2125005501721757
v 1.412500023841858 -1.002499970558999 -1.6475003941979551
v 0.48750001192092896 -1.3024998899573468 -2.1925005840251384
v 1.2274999618530273 -1.3124999200564764 -1.9075004612457511
v -0.4925000071525574 -1.3024998899573468 -2.1925005840251384
v -1.2324999570846558 -1.3124999200564764 -1.9075004612457511
v -1.4175000190734863 -1.0024999678718245 -1.6675003778116435
v 2.047499895095825 -0.22249991244943196 -0.8475001699900232
v 1.162500023841858 0.7624999773303647 0.8425001870357297
v 1.6124999523162842 0.4625000120066152 0.41750010750695704
v 0.6075000166893005 0.9474999642632727 1.1425003237253588
v -0.0024999999441206455 0.9524999386692823 1.302500312515964
v 1.9774999618530273 -0.19249993812911279 -0.6175001159832314
v -1.9824999570846558 -0.19249993812911279 -0.6175001159832314
v -2.052500009536743 -0.22249991244943196 -0.8475001699900232
v -1.6174999475479126 0.4625000120066152 0.41750010750695704
v -0.6175000071525574 0.9474999642632727 1.1425003237253588
v -1.1675000190734863 0.7624999833765075 0.7975002239049311
v -0.0024999999441206455 -2.3825004068577638 1.1424998763103769
v 0.32749998569488525 -2.3325004458081624 1.127499895318047
v 0.6025000214576721 -2.112500388310774 1.1324999207804212
v 0.6875 -1.7975004388790967 1.3624998938701731
v -0.6175000071525574 -1.7275003770218824 1.3624999032753002
v -0.5724999904632568 -2.0975005204816073 1.1374999186992083
v -0.33250001072883606 -2.33750056092089 1.1274998946462373
v 1.7374999523162842 -1.3325000239213387 -1.0125003627552382
v 1.752500057220459 0.08750000858679789 0.012500013622149994
v 1.6325000524520874 -1.5775000454845673 -1.1325004165645935
v 1.2975000143051147 -1.842500054692262 -1.2225003784312858
v 1.8075000047683716 -0.2425000467884208 0.05249997283268834
v 1.622499942779541 -0.43250011897339885 0.41749998725577897
v 0.5375000238418579 -2.172499967649587 -1.6325005636875294
v -0.0024999999441206455 -2.157500099148626 -1.6325005616721644
v 1.902500033378601 -0.6974999205966539 -1.2175002286869756
v 1.9375 -0.8224999340325427 -1.242500224998943
v 1.9424999952316284 -1.0324999997230866 -1.24750024911773
v 1.9225000143051147 -1.047500186284453 0.23249989228566956
v 1.8174999952316284 -0.8875001755096733 0.5074999417910777
v 1.7725000381469727 -0.692500146385342 0.43249996983507016
v 1.722499966621399 -0.9425000865956518 -0.26250014998149096
v -0.5674999952316284 -2.1824999594564307 -1.6325005650311166
v -1.8174999952316284 -0.8825001816216322 0.5224999301731376
v -1.7925000190734863 -0.6825001539067043 0.42749997527523537
v -1.7274999618530273 -0.9425000865956518 -0.26250014998149096
v -1.8125 -0.2425000467884208 0.05249997283268834
v -1.7575000524520874 0.08750000858679789 0.012500013622149994
v -1.9275000095367432 -1.047500186284453 0.23249989228566956
v -1.6375000476837158 -0.4375001142050272 0.41249999068056326
v -1.7424999475479126 -1.3325000239213387 -1.0125003627552382
v -1.9424999952316284 -1.0324999997230866 -1.24750024911773
v -1.902500033378601 -0.6974999205966539 -1.2175002286869756
v -1.9375 -0.8224999340325427 -1.242500224998943
v -1.3025000095367432 -1.842500054692262 -1.2225003784312858
v -1.6124999523162842 -1.5775000454845673 -1.1325004165645935
v 0.4074999988079071 -0.532500259035673 1.1825000921016249
v 0.2874999940395355 0.3724998861637816 1.237500168634037
v 0.27250000834465027 -0.3125002156459673 1.2925001507451683
v -0.29249998927116394 0.3374998823503102 1.2575002667544712
v -0.4124999940395355 -0.5325002623946411 1.2075000716187352
v -0.2775000035762787 -0.32750020604340807 1.3125001323434755
v -0.6924999952316284 -0.5075002004318783 1.0375000950520559
v -0.8374999761581421 -0.3675001932395804 1.0175001302486057
v -0.9075000286102295 -0.16250014452145148 0.9575000877418028
v -0.9075000286102295 0.13749989280597283 0.9575001280494594
v -0.8075000047683716 0.37249991840990043 0.9975001864558198
v -0.6225000023841858 0.5224998992706059 1.1125001719930052
v -0.36250001192092896 0.48249988813322064 1.2175001997998212
v 0.6875 -0.50750019707291 1.0125001155349456
v 0.8324999809265137 -0.35250017438340053 1.0075001404571464
v 0.9024999737739563 -0.142500148021989 0.9725001377438983
v 0.9024999737739563 0.16249988117808753 1.0025002137485337
v 0.8025000095367432 0.40749991214644316 1.052500205700675
v 0.6175000071525574 0.5574999301992132 1.1125001766955689
v 0.35749998688697815 0.5174998906030888 1.2075002126955363
v -2.4725000858306885 -0.7074998962804346 -1.337500250921998
v -2.117500066757202 -0.5174998885877078 -1.2225002004058025
v -2.192500114440918 -0.7624999067919682 -1.3675002337322684
v -0.45750001072883606 -2.3475005581020834 1.1674998605300266
v -0.5975000262260437 -2.4125003668270266 1.027499847291602
v -0.3725000023841858 -2.562500442040641 0.7274997749091732
v -0.3125 -2.5725004768423183 1.0474998094078616
v -0.20749999582767487 -2.4825005693909588 1.1874998260052705
v -0.0024999999441206455 -2.512500545483285 1.1924998178779307
v -0.0024999999441206455 -2.637500543467904 1.0524997965779503
v -0.737500011920929 -2.257500384016748 1.0974998107651297
v -0.6524999737739563 -2.382500344380891 0.677499780454903
v -0.0024999999441206455 -2.652500368974031 0.7324997587203097
v -0.0024999999441206455 -2.8225004311603064 0.45749969297014303
v -0.38749998807907104 -2.667500429539794 0.3874996817408739
v -0.9624999761581421 0.1374998659341951 1.1575002026049528
v -1.3274999856948853 -0.2625001231097212 0.742500071644811
v -0.9925000071525574 -0.19250018199043709 1.1975001254939068
v -0.22750000655651093 0.15249981614567235 1.5475002427151732
v -0.637499988079071 0.6024999159859662 1.3875003150578495
v -0.8475000262260437 0.4174998784251128 1.242500170583606
v -0.887499988079071 -0.43250024056816416 1.322500110042637
v -0.7174999713897705 -0.5125002494070461 1.4325001283785217
v -0.20250000059604645 -0.3375002592269118 1.5475001768793322
v -0.4724999964237213 -1.8675004003372597 1.502500008179491
v -0.5824999809265137 -1.6875004447278075 1.6224999340462074
v -0.612500011920929 -1.8025004468748205 1.4524999386692823
v -1.8224999904632568 -1.482500231176718 0.5574998804864356
v -1.872499942779541 -1.2925002105348584 0.1324998369911655
v -0.9325000047683716 -2.097500220189561 -1.0975003958979526
v -1.4874999523162842 -1.7275000780734315 -0.8625003599103639
v -2.1475000381469727 -0.8224999656068599 -1.0075002983288004
v -2.3475000858306885 -1.0625000235128015 -0.8875002500788397
v -2.122499942779541 -1.1575000642153324 -0.892500258746357
v -1.5575000047683716 -0.572500170504121 0.7675000095106754
v -0.012500000186264515 -2.8825003302732095 0.0724996203654592
v -2.177500009536743 -1.067499969703438 -1.2575003648364351
v -2.512500047683716 -0.9524999507615838 -1.2125002670450613
v -2.4124999046325684 -0.7224999926363295 -0.9725002539643125
v -2.4175000190734863 -1.3125000335897141 -1.0625003191022842
v -2.1075000762939453 -1.2825001058665781 -0.7075002483006395
v -1.7424999475479126 -1.3475000996366642 -0.3575002159688223
v -1.877500057220459 -1.0725000636888358 -0.527500188748122
v -1.7274999618530273 -1.1275001761280536 -0.2425001912241995
v -1.847499966621399 -1.4175002199399795 0.07749982055517618
v -1.5575000047683716 0.1124999473069922 0.4825000668304956
v 1.5525000095367432 0.1124999473069922 0.4825000668304956
v 1.3224999904632568 -0.2625001231097212 0.742500071644811
v 1.8424999713897705 -1.4175002199399795 0.07749982055517618
v 1.722499966621399 -1.1275001761280536 -0.2425001912241995
v 1.8674999475479126 -1.2925002105348584 0.1324998369911655
v 2.512500047683716 -0.9524999514333775 -1.2075002711416392
v 2.1875 -0.7624999067919682 -1.3675002337322684
v 2.4725000858306885 -0.7074998969522283 -1.3325002550185758
v 1.7374999523162842 -1.3475000996366642 -0.3575002159688223
v 2.1024999618530273 -1.2825001058665781 -0.7075002483006395
v 1.872499942779541 -1.0725000636888358 -0.527500188748122
v 2.4124999046325684 -1.3125000342615076 -1.057500323198862
v 2.3424999713897705 -1.062500024184595 -0.8825002541754177
v 2.4075000286102295 -0.7224999933081311 -0.9675001984562377
v 2.172499895095825 -1.067499969703438 -1.2575003648364351
v 0.23250000178813934 -1.81750047354915 1.742499937470992
v -0.26249998807907104 -1.9625004450705525 1.527499974932506
v 0.26249998807907104 -1.9875004245876629 1.5274999715735378
v 0.3824999928474426 -2.667500429539794 0.3874996817408739
v 0.48249998688697815 -2.5325002032767525 -1.2325004629457486
v -0.48750001192092896 -2.5325002032767525 -1.2325004629457486
v 0.44749999046325684 -2.7725003176134 -0.6925004607850708
v -0.45249998569488525 -2.7725003176134 -0.6925004607850708
v 1.5525000095367432 -0.572500170504121 0.7675000095106754
v 2.1424999237060547 -0.8224999656068599 -1.0075002983288004
v 2.117500066757202 -1.1575000642153324 -0.892500258746357
v 1.4824999570846558 -1.7275000780734315 -0.8625003599103639
v 0.9275000095367432 -2.097500220189561 -1.0975003958979526
v 0.6775000095367432 -1.8725003888509357 1.447499933360749
v 0.5074999928474426 -1.9025004915423134 1.5074999993803415
v 1.8224999904632568 -1.4875002257365526 0.5474998880077978
v 0.6775000095367432 -1.7775004908705196 1.6275000370666337
v 0.19750000536441803 -0.3375002592269118 1.5475001768793322
v 0.7124999761581421 -0.5125002494070461 1.4325001283785217
v 0.8824999928474426 -0.43250024325533876 1.3425000936563254
v 0.9725000262260437 -0.1775001793790077 1.1975001275092898
v 0.9574999809265137 0.1624998603524686 1.157500205963923
v 0.862500011920929 0.42749990003428334 1.2425001719271973
v 0.6324999928474426 0.6024999159859662 1.3875003150578495
v 0.2224999964237213 0.15249981614567235 1.5475002427151732
v 0.6524999737739563 -2.387500456806444 0.657499796169405
v 0.3675000071525574 -2.562500442040641 0.7274997749091732
v 0.3075000047683716 -2.5725004768423183 1.0474998094078616
v 0.7574999928474426 -2.2875003560783123 1.0724998272172575
v 0.5975000262260437 -2.4225003566184897 1.0124998582377485
v 0.4625000059604645 -2.362500426603044 1.1674998585146616
v 0.20250000059604645 -2.4825005693909588 1.1874998260052705
v 2.112499952316284 -0.5174998885877078 -1.2225002004058025
v 0.8075000047683716 -2.462500468885065 0.31749970703186764
v 0.4675000011920929 -2.7875002626989076 -0.12250039336844586
v 0.7925000190734863 -2.612500274105739 -0.21750038142765069
v 0.6775000095367432 -2.192500571261043 1.207499848583022
v 0.9975000023841858 -2.007500367221891 1.2224998611497009
v 0.7325000166893005 -1.987500401746647 1.3574998724385765
v -0.6625000238418579 -2.1725003512441248 1.2224998389804946
v -0.6825000047683716 -1.9125004665543004 1.382499981241897
v -0.9424999952316284 -1.9375004306201409 1.267499952894916
v 0.26249998807907104 0.5624998797488259 1.4575002523314011
v -0.0024999999441206455 0.5624998797488259 1.4575002523314011
v -0.0024999999441206455 0.15249981614567235 1.5475002427151732
v -0.0024999999441206455 -0.3325002707132198 1.6025001324887684
v 0.6175000071525574 -0.5425003348168024 1.807500174732323
v 0.4124999940395355 -0.5375003053236662 1.5575001418144026
v 0.3774999976158142 -0.33750031095507027 1.9325002190707474
v -0.0024999999441206455 -0.2625002997916013 2.0575001267332156
v -0.38749998807907104 -0.33750031095507027 1.9325002190707474
v -0.41749998927116394 -0.5375003053236662 1.5575001418144026
v -0.6225000023841858 -0.5425003348168024 1.807500174732323
v -0.7275000214576721 -0.5075004100317028 2.5975003666407113
v -0.45249998569488525 -0.32750037869455023 2.5975003908253065
v -0.0024999999441206455 -0.2675003980511591 2.597500398886834
v 0.4375 -0.32750037869455023 2.5975003908253065
v -0.5325000286102295 -1.4775005100371519 2.6025001130067404
v -0.3375000059604645 -1.527500588280678 2.602500106288788
v -0.33250001072883606 -1.2925005887550394 2.9475002128271606
v -0.0024999999441206455 -1.5725005514114765 2.6025001002426453
v 0.32749998569488525 -1.527500588280678 2.602500106288788
v 0.32249999046325684 -1.2925005887550394 2.9475002128271606
v 0.8374999761581421 -0.9525004633406132 2.602500183545137
v 0.8075000047683716 -0.7225004722974624 2.5975003377535524
v 0.5824999809265137 -0.9575005055978446 2.947500257837383
v 0.7174999713897705 -0.5075004100317028 2.5975003666407113
v 0.7524999976158142 -0.9425003989799916 2.06250015048192
v 0.6324999928474426 -1.3325004128902418 1.8825001263494678
v 0.7774999737739563 -1.2175004846405937 2.602500147940042
v -0.7825000286102295 -1.2175004846405937 2.602500147940042
v -0.5975000262260437 -1.3075004374038934 1.9125001051289685
v -0.8475000262260437 -0.9525004633406132 2.602500183545137
v -0.7574999928474426 -0.9425003989799916 2.06250015048192
v -0.5924999713897705 -0.9575005055978446 2.947500257837383
v 0.32749998569488525 -0.5625004709278075 2.942500434215012
v -0.3375000059604645 -0.5625004709278075 2.942500434215012
v -0.26750001311302185 0.5624998797488259 1.4575002523314011
v -0.7875000238418579 -0.7325004641043066 2.5975003364099654
v 0.8324999809265137 -2.2325004612320782 0.632499777873261
v 0.9825000166893005 -1.2475003277176502 1.61749999726069
v 1.0724999904632568 -0.8725003315633827 1.577500080417877
v 0.637499988079071 -0.867500353798405 1.7125000896913716
v -0.0024999999441206455 -1.5875004665679653 2.06250006382046
v 0.6225000023841858 -1.34250038991761 1.7725000959212898
v 0.5274999737739563 -1.4775005100371519 2.6025001130067404
v 1.462499976158142 -0.8275002638177094 1.242500003306833
v 1.2575000524520874 -1.6325004595594348 1.3975000065726393
v 1.6924999952316284 -1.1575003134510058 0.9624999499581579
v 1.2024999856948853 -0.4775002180500193 1.2075000790084773
v 2.1524999141693115 -0.2424999245218593 -0.8575001644840459
v 2.317500114440918 -0.48749997430045294 -0.7675001519310637
v 2.322499990463257 -0.33749990183235784 -1.1125001471366205
v 1.7074999809265137 -1.5375001440930398 -0.6425002762130076
v -0.0024999999441206455 -1.522500494295288 1.8724999898051278
v 1.9175000190734863 -0.8825000022525616 -0.8125002277382608
v 1.5125000476837158 -1.8325003490697818 0.9074999043282935
v 1.7024999856948853 -1.7875002703903626 0.04749976561953986
v 1.4325000047683716 -2.1525002527536192 0.3674997673220109
v 1.2825000286102295 -2.1375002606425086 -0.5525003709620749
v 1.8925000429153442 -0.8625000576029446 -0.5225001646293429
v 2.072499990463257 -1.5425001312631366 -0.7075002832339409
v 2.0325000286102295 -0.5674999878418903 -0.6225001622712247
v -0.0024999999441206455 -0.9525005271610893 3.0775003904167604
v 1.997499942779541 -1.4625000527426892 -0.8925002997258011
v -0.2175000011920929 -1.80250048516709 1.7374999435829508
v 2.052500009536743 -1.3125000214974125 -1.1525003645731868
v -1.6725000143051147 -1.1275003400458625 0.9775000013038389
v -1.7274999618530273 -1.8025002581006289 0.04749976360415894
v -2.077500104904175 -1.5425001312631366 -0.7075002832339409
v -1.712499976158142 -1.5375001440930398 -0.6425002762130076
v -2.002500057220459 -1.4625000527426892 -0.8925002997258011
v -2.057499885559082 -1.3125000214974125 -1.1525003645731868
v -1.9225000143051147 -0.8825000022525616 -0.8125002277382608
v -1.8975000381469727 -0.8625000576029446 -0.5225001646293429
v -2.0374999046325684 -0.5674999878418903 -0.6225001622712247
v -2.1575000286102295 -0.2424999245218593 -0.8575001644840459
v -2.327500104904175 -0.33749990116056416 -1.1175001430400426
v -2.322499990463257 -0.48749997362865927 -0.7725001478344857
v -0.4724999964237213 -2.7875002626989076 -0.12250039336844586
v -0.8075000047683716 -2.6175003905620557 -0.20750037539145302
v -1.2725000381469727 -2.1175002777006138 -0.5475003723714783
v -0.6424999833106995 -0.867500353798405 1.7125000896913716
v -1.1974999904632568 -1.5575004051577666 1.4224999961666702
v -1.2074999809265137 -0.4775002180500193 1.2075000790084773
v -1.4375 -0.802500284300599 1.2425000066658012
v -0.8274999856948853 -2.462500473587624 0.35249970815814846
v -0.8374999761581421 -2.2225004727842106 0.6574998183386113
v -1.4375 -2.1525002540972062 0.37749975912885503
v -1.0525000095367432 -0.8575003431813228 1.5725000865298355
v -0.9574999809265137 -1.2225003475287461 1.6125000047162361
v -0.6274999976158142 -1.34250038991761 1.7725000959212898
v -1.497499942779541 -1.8075003735834332 0.9374998831077941
v 0.20250000059604645 -2.0775005670986486 1.362499856249681
v 0.6875 -1.7975004388790967 1.3624998938701731
v -0.6175000071525574 -1.7275003770218824 1.3624999032753002
v -0.20749999582767487 -2.0525004690440265 1.3674998555120876
v -0.4724999964237213 -1.8675004003372597 1.502500008179491
v -0.26249998807907104 -1.9625004450705525 1.527499974932506
v 0.26249998807907104 -1.9875004245876629 1.5274999715735378
v 0.5074999928474426 -1.9025004915423134 1.5074999993803415
vt 0.123233338 0.725650012
vt 0.129333337 0.714475006
vt 0.176033333 0.790724993
vt 0.243833333 0.666850001
vt 0.256016667 0.662850022
vt 0.237716666 0.691224992
vt 0.256016667 0.662850022
vt 0.201166665 0.659749985
vt 0.237716666 0.691224992
vt 0.176033333 0.790724993
vt 0.239033333 0.783749998
vt 0.186183333 0.825300008
vt 0.239033333 0.783749998
vt 0.147566666 0.837475002
vt 0.186183333 0.825300008
vt 0.154433330 0.649474978
vt 0.152399997 0.634249985
vt 0.165966670 0.615000010
vt 0.152399997 0.884249985
vt 0.155800005 0.859899998
vt 0.165966670 0.865000010
vt 0.260749999 0.672999978
vt 0.248550000 0.703424990
vt 0.218766667 0.654699981
vt 0.248550000 0.703424990
vt 0.244516666 0.645524979
vt 0.218766667 0.654699981
vt 0.133416663 0.675875008
vt 0.136133333 0.677924991
vt 0.118533333 0.652525008
vt 0.136133333 0.677924991
vt 0.180833335 0.690225005
vt 0.118533333 0.652525008
vt 0.123233338 0.725650012
vt 0.102916668 0.708375007
vt 0.129333337 0.714475006
vt 0.102916668 0.708375007
vt 0.120549997 0.668799996
vt 0.129333337 0.714475006
vt 0.085266667 0.718675017
vt 0.106266667 0.720750004
vt 0.087950000 0.751199991
vt 0.272933334 0.720750004
vt 0.199766666 0.735974997
vt 0.254616667 0.751199991
vt 0.220066667 0.798900008
vt 0.192950000 0.852750003
vt 0.190249999 0.797850013
vt 0.192950000 0.852750003
vt 0.142183334 0.765349984
vt 0.190249999 0.797850013
vt 0.207216665 0.729799986
vt 0.165183336 0.836475015
vt 0.165216664 0.748025000
vt 0.165183336 0.836475015
vt 0.215300001 0.827399999
vt 0.165216664 0.748025000
vt 0.207216665 0.729799986
vt 0.190249999 0.797850013
vt 0.165183336 0.836475015
vt 0.190249999 0.797850013
vt 0.142183334 0.765349984
vt 0.165183336 0.836475015
vt 0.165216664 0.748025000
vt 0.215300001 0.827399999
vt 0.176033333 0.790724993
vt 0.215300001 0.827399999
vt 0.239033333 0.783749998
vt 0.176033333 0.790724993
vt 0.220133334 0.640399992
vt 0.230983333 0.625200003
vt 0.226899999 0.647525012
vt 0.230983333 0.625200003
vt 0.193716665 0.629274994
vt 0.226899999 0.647525012
vt 0.220066667 0.798900008
vt 0.254616667 0.751199991
vt 0.192950000 0.852750003
vt 0.254616667 0.751199991
vt 0.199766666 0.735974997
vt 0.192950000 0.852750003
vt 0.186183333 0.825300008
vt 0.147566666 0.837475002
vt 0.123216669 0.754099995
vt 0.147566666 0.837475002
vt 0.148300002 0.739975005
vt 0.123216669 0.754099995
vt 0.125300000 0.657599986
vt 0.172049999 0.637374997
vt 0.136133333 0.677924991
vt 0.172049999 0.637374997
vt 0.180833335 0.690225005
vt 0.136133333 0.677924991
vt 0.256016667 0.662850022
vt 0.243833333 0.666850001
vt 0.233016667 0.616075039
vt 0.243833333 0.666850001
vt 0.216750001 0.635325015
vt 0.233016667 0.616075039
vt 0.145616670 0.649474978
vt 0.158499996 0.613950014
vt 0.178816666 0.628175020
vt 0.158499996 0.863950014
vt 0.204566667 0.851799965
vt 0.178816666 0.878175020
vt 0.165966670 0.850749969
vt 0.184250002 0.864974976
vt 0.199833333 0.847750008
vt 0.184250002 0.864974976
vt 0.197783331 0.884299994
vt 0.199833333 0.847750008
vt 0.133416663 0.675875008
vt 0.118533333 0.652525008
vt 0.152399997 0.634249985
vt 0.118533333 0.652525008
vt 0.155800005 0.609899998
vt 0.152399997 0.634249985
vt 0.226899999 0.647525012
vt 0.193716665 0.629274994
vt 0.216750001 0.635325015
vt 0.193716665 0.629274994
vt 0.233016667 0.616075039
vt 0.216750001 0.635325015
vt 0.239033333 0.783749998
vt 0.215300001 0.827399999
vt 0.180833335 0.690225005
vt 0.237716666 0.691224992
vt 0.201166665 0.659749985
vt 0.244516666 0.645524979
vt 0.201166665 0.659749985
vt 0.218766667 0.654699981
vt 0.244516666 0.645524979
vt 0.081883333 0.703424990
vt 0.094083333 0.672999978
vt 0.085266667 0.718675017
vt 0.094083333 0.672999978
vt 0.106266667 0.720750004
vt 0.085266667 0.718675017
vt 0.123216669 0.754099995
vt 0.148300002 0.739975005
vt 0.123233338 0.725650012
vt 0.148300002 0.739975005
vt 0.102916668 0.708375007
vt 0.123233338 0.725650012
vt 0.129333337 0.714475006
vt 0.120549997 0.668799996
vt 0.125300000 0.657599986
vt 0.120549997 0.668799996
vt 0.172049999 0.637374997
vt 0.125300000 0.657599986
vt 0.178816666 0.878175020
vt 0.204566667 0.851799965
vt 0.197783331 0.884299994
vt 0.204566667 0.851799965
vt 0.199833333 0.847750008
vt 0.197783331 0.884299994
vt 0.184933335 0.852800012
vt 0.184233333 0.872099996
vt 0.165966670 0.850749969
vt 0.184233333 0.872099996
vt 0.184250002 0.864974976
vt 0.165966670 0.850749969
vt 0.154433330 0.649474978
vt 0.165966670 0.615000010
vt 0.145616670 0.649474978
vt 0.165966670 0.615000010
vt 0.158499996 0.613950014
vt 0.145616670 0.649474978
vt 0.184233333 0.872099996
vt 0.184933335 0.852800012
vt 0.220133334 0.890399992
vt 0.184933335 0.852800012
vt 0.230983333 0.875200003
vt 0.220133334 0.890399992
vt 0.184233333 0.622099996
vt 0.207216665 0.729799986
vt 0.184250002 0.614974976
vt 0.184250002 0.614974976
vt 0.207216665 0.729799986
vt 0.197783331 0.634299994
vt 0.207216665 0.729799986
vt 0.165216664 0.748025000
vt 0.197783331 0.634299994
vt 0.226899999 0.647525012
vt 0.207216665 0.729799986
vt 0.220133334 0.640399992
vt 0.244516666 0.645524979
vt 0.248550000 0.703424990
vt 0.237716666 0.691224992
vt 0.248550000 0.703424990
vt 0.190249999 0.797850013
vt 0.237716666 0.691224992
vt 0.190249999 0.797850013
vt 0.207216665 0.729799986
vt 0.237716666 0.691224992
vt 0.220133334 0.640399992
vt 0.207216665 0.729799986
vt 0.184233333 0.622099996
vt 0.216750001 0.635325015
vt 0.243833333 0.666850001
vt 0.207216665 0.729799986
vt 0.226899999 0.647525012
vt 0.216750001 0.635325015
vt 0.207216665 0.729799986
vt 0.243833333 0.666850001
vt 0.237716666 0.691224992
vt 0.207216665 0.729799986
vt 0.145616670 0.649474978
vt 0.165216664 0.748025000
vt 0.154433330 0.649474978
vt 0.133416663 0.675875008
vt 0.165216664 0.748025000
vt 0.136133333 0.677924991
vt 0.178816666 0.628175020
vt 0.165216664 0.748025000
vt 0.145616670 0.649474978
vt 0.197783331 0.634299994
vt 0.165216664 0.748025000
vt 0.178816666 0.628175020
vt 0.154433330 0.649474978
vt 0.165216664 0.748025000
vt 0.152399997 0.634249985
vt 0.176033333 0.790724993
vt 0.136133333 0.677924991
vt 0.165216664 0.748025000
vt 0.152399997 0.634249985
vt 0.165216664 0.748025000
vt 0.133416663 0.675875008
vt 0.155800005 0.609899998
vt 0.118533333 0.652525008
vt 0.165966670 0.615000010
vt 0.220066667 0.798900008
vt 0.190249999 0.797850013
vt 0.254616667 0.751199991
vt 0.254616667 0.751199991
vt 0.190249999 0.797850013
vt 0.251933333 0.718675017
vt 0.251933333 0.718675017
vt 0.190249999 0.797850013
vt 0.248550000 0.703424990
vt 0.186183333 0.825300008
vt 0.123216669 0.754099995
vt 0.176033333 0.790724993
vt 0.123216669 0.754099995
vt 0.123233338 0.725650012
vt 0.176033333 0.790724993
vt 0.125300000 0.657599986
vt 0.136133333 0.677924991
vt 0.129333337 0.714475006
vt 0.136133333 0.677924991
vt 0.176033333 0.790724993
vt 0.129333337 0.714475006
vt 0.218766667 0.654699981
vt 0.201166665 0.659749985
vt 0.142183334 0.765349984
vt 0.118533333 0.652525008
vt 0.180833335 0.690225005
vt 0.165966670 0.615000010
vt 0.192950000 0.852750003
vt 0.199766666 0.735974997
vt 0.142183334 0.765349984
vt 0.165183336 0.836475015
vt 0.142183334 0.765349984
vt 0.201166665 0.909749985
vt 0.180833335 0.690225005
vt 0.215300001 0.577399999
vt 0.165966670 0.615000010
vt 0.201166665 0.909749985
vt 0.193716665 0.879274994
vt 0.165183336 0.836475015
vt 0.272933334 0.720750004
vt 0.260749999 0.672999978
vt 0.199766666 0.735974997
vt 0.260749999 0.672999978
vt 0.218766667 0.654699981
vt 0.199766666 0.735974997
vt 0.147566666 0.837475002
vt 0.072366666 0.783749998
vt 0.148300002 0.739975005
vt 0.172049999 0.637374997
vt 0.148300002 0.739975005
vt 0.239033333 0.783749998
vt 0.120549997 0.668799996
vt 0.148300002 0.739975005
vt 0.172049999 0.637374997
vt 0.102916668 0.708375007
vt 0.148300002 0.739975005
vt 0.120549997 0.668799996
vt 0.172049999 0.637374997
vt 0.239033333 0.783749998
vt 0.180833335 0.690225005
vt 0.218766667 0.654699981
vt 0.142183334 0.765349984
vt 0.199766666 0.735974997
vt 0.256016667 0.662850022
vt 0.193716665 0.629274994
vt 0.201166665 0.659749985
vt 0.233016667 0.616075039
vt 0.193716665 0.629274994
vt 0.256016667 0.662850022
vt 0.174033334 0.639400005
vt 0.226183333 0.741999984
vt 0.132716666 0.648525000
vt 0.140166670 0.793825001
vt 0.157783329 0.815149993
vt 0.150333335 0.838524997
vt 0.180133333 0.849700004
vt 0.150333335 0.838524997
vt 0.157783329 0.815149993
vt 0.234316667 0.644474983
vt 0.192316666 0.662750006
vt 0.146949997 0.664799988
vt 0.254633333 0.768424988
vt 0.226183333 0.741999984
vt 0.174033334 0.639400005
vt 0.109683335 0.747075021
vt 0.106299996 0.761299998
vt 0.146949997 0.664799988
vt 0.132716666 0.648525000
vt 0.150333335 0.655650020
vt 0.142200003 0.616024971
vt 0.162516663 0.684100002
vt 0.180816665 0.663774997
vt 0.183516666 0.608900011
vt 0.243116667 0.808050007
vt 0.206550002 0.841574997
vt 0.195033332 0.783650011
vt 0.106299996 0.761299998
vt 0.109683335 0.747075021
vt 0.127300004 0.815149993
vt 0.254633333 0.768424988
vt 0.243116667 0.808050007
vt 0.226183333 0.741999984
vt 0.150333335 0.838524997
vt 0.127300004 0.815149993
vt 0.140166670 0.793825001
vt 0.174033334 0.639400005
vt 0.132716666 0.648525000
vt 0.125949999 0.636350006
vt 0.180816665 0.663774997
vt 0.192316666 0.662750006
vt 0.220100001 0.630250007
vt 0.150333335 0.655650020
vt 0.162516663 0.684100002
vt 0.183516666 0.608900011
vt 0.206550002 0.841574997
vt 0.180133333 0.849700004
vt 0.176749999 0.801950008
vt 0.146949997 0.664799988
vt 0.192316666 0.662750006
vt 0.109683335 0.747075021
vt 0.132716666 0.898525000
vt 0.195033332 0.783650011
vt 0.150333335 0.905650020
vt 0.150333335 0.905650020
vt 0.176749999 0.801950008
vt 0.162516663 0.934100002
vt 0.176749999 0.801950008
vt 0.157783329 0.815149993
vt 0.162516663 0.684100002
vt 0.157783329 0.815149993
vt 0.140166670 0.793825001
vt 0.162516663 0.684100002
vt 0.140166670 0.793825001
vt 0.132716666 0.765375018
vt 0.180816665 0.663774997
vt 0.180816665 0.663774997
vt 0.132716666 0.765375018
vt 0.192316666 0.662750006
vt 0.125949999 0.636350006
vt 0.132716666 0.648525000
vt 0.142200003 0.616024971
vt 0.220100001 0.630250007
vt 0.183516666 0.608900011
vt 0.180816665 0.663774997
vt 0.176749999 0.801950008
vt 0.195033332 0.783650011
vt 0.206550002 0.841574997
vt 0.132716666 0.765375018
vt 0.127300004 0.815149993
vt 0.109683335 0.747075021
vt 0.195033332 0.783650011
vt 0.226183333 0.741999984
vt 0.243116667 0.808050007
vt 0.132716666 0.765375018
vt 0.140166670 0.793825001
vt 0.127300004 0.815149993
vt 0.234316667 0.644474983
vt 0.220100001 0.630250007
vt 0.192316666 0.662750006
vt 0.162516663 0.684100002
vt 0.140166670 0.793825001
vt 0.180816665 0.663774997
vt 0.195033332 0.783650011
vt 0.176749999 0.801950008
vt 0.150333335 0.905650020
vt 0.142200003 0.616024971
vt 0.150333335 0.655650020
vt 0.183516666 0.608900011
vt 0.157783329 0.815149993
vt 0.176749999 0.801950008
vt 0.180133333 0.849700004
vt 0.226183333 0.741999984
vt 0.195033332 0.783650011
vt 0.132716666 0.648525000
vt 0.109683335 0.747075021
vt 0.192316666 0.662750006
vt 0.132716666 0.765375018
vt 0.182833334 0.785699993
vt 0.224833334 0.905650020
vt 0.198416665 0.801950008
vt 0.212650001 0.684100002
vt 0.194349999 0.663774997
vt 0.234999999 0.793825001
vt 0.265466666 0.747075021
vt 0.242450000 0.765375018
vt 0.182833334 0.662750006
vt 0.146949997 0.754199982
vt 0.238383333 0.649550021
vt 0.182833334 0.785699993
vt 0.217383333 0.815149993
vt 0.195033332 0.849700004
vt 0.198416665 0.801950008
vt 0.232966666 0.616024971
vt 0.191649998 0.608900011
vt 0.224833334 0.655650020
vt 0.140849998 0.644474983
vt 0.182833334 0.662750006
vt 0.155066669 0.630250007
vt 0.242450000 0.765375018
vt 0.247866667 0.815149993
vt 0.234999999 0.793825001
vt 0.182833334 0.785699993
vt 0.142883331 0.818199992
vt 0.146949997 0.754199982
vt 0.194349999 0.663774997
vt 0.182833334 0.662750006
vt 0.242450000 0.765375018
vt 0.234999999 0.793825001
vt 0.194349999 0.663774997
vt 0.242450000 0.765375018
vt 0.217383333 0.815149993
vt 0.212650001 0.684100002
vt 0.234999999 0.793825001
vt 0.198416665 0.801950008
vt 0.212650001 0.684100002
vt 0.217383333 0.815149993
vt 0.224833334 0.905650020
vt 0.212650001 0.934100002
vt 0.198416665 0.801950008
vt 0.238383333 0.899550021
vt 0.224833334 0.905650020
vt 0.182833334 0.785699993
vt 0.228216665 0.664799988
vt 0.265466666 0.747075021
vt 0.182833334 0.662750006
vt 0.174033334 0.841574997
vt 0.198416665 0.801950008
vt 0.195033332 0.849700004
vt 0.224833334 0.655650020
vt 0.191649998 0.608900011
vt 0.212650001 0.684100002
vt 0.194349999 0.663774997
vt 0.155066669 0.630250007
vt 0.182833334 0.662750006
vt 0.188266665 0.645475000
vt 0.249216667 0.636350006
vt 0.238383333 0.649550021
vt 0.224833334 0.838524997
vt 0.234999999 0.793825001
vt 0.247866667 0.815149993
vt 0.121883333 0.777575016
vt 0.146949997 0.754199982
vt 0.142883331 0.818199992
vt 0.102200000 0.761299998
vt 0.081200000 0.815149993
vt 0.098800000 0.747075021
vt 0.142883331 0.818199992
vt 0.182833334 0.785699993
vt 0.174033334 0.841574997
vt 0.212650001 0.684100002
vt 0.191649998 0.608900011
vt 0.194349999 0.663774997
vt 0.238383333 0.649550021
vt 0.232966666 0.616024971
vt 0.224833334 0.655650020
vt 0.265466666 0.747075021
vt 0.228216665 0.664799988
vt 0.268866667 0.761299998
vt 0.121883333 0.777575016
vt 0.188266665 0.645475000
vt 0.146949997 0.754199982
vt 0.140849998 0.644474983
vt 0.228216665 0.664799988
vt 0.182833334 0.662750006
vt 0.195033332 0.849700004
vt 0.217383333 0.815149993
vt 0.224833334 0.838524997
vt 0.075783333 0.765375018
vt 0.098800000 0.747075021
vt 0.081200000 0.815149993
vt 0.188266665 0.645475000
vt 0.238383333 0.649550021
vt 0.146949997 0.754199982
vt 0.198416665 0.801950008
vt 0.174033334 0.841574997
vt 0.182833334 0.785699993
vt 0.234999999 0.793825001
vt 0.224833334 0.838524997
vt 0.217383333 0.815149993
vt 0.249216667 0.636350006
vt 0.232966666 0.616024971
vt 0.238383333 0.649550021
vt 0.155066669 0.630250007
vt 0.194349999 0.663774997
vt 0.191649998 0.608900011
vt 0.822266668 0.232050002
vt 0.825850000 0.228300005
vt 0.824733337 0.238749981
vt 0.828766664 0.230849981
vt 0.824733337 0.238749981
vt 0.825850000 0.228300005
vt 0.820833335 0.238474995
vt 0.824733337 0.238749981
vt 0.828766664 0.230849981
vt 0.821483334 0.239350021
vt 0.820833335 0.238474995
vt 0.828766664 0.230849981
vt 0.830700000 0.246874988
vt 0.821483334 0.239350021
vt 0.828766664 0.230849981
vt 0.830616663 0.245849997
vt 0.830700000 0.246874988
vt 0.828766664 0.230849981
vt 0.832083335 0.231249988
vt 0.830616663 0.245849997
vt 0.828766664 0.230849981
vt 0.830449998 0.243849993
vt 0.830616663 0.245849997
vt 0.832083335 0.231249988
vt 0.836900001 0.233425021
vt 0.830449998 0.243849993
vt 0.832083335 0.231249988
vt 0.840083331 0.230825007
vt 0.836900001 0.233425021
vt 0.832083335 0.231249988
vt 0.162099997 0.730849981
vt 0.164516668 0.708949983
vt 0.172966669 0.716574997
vt 0.162099997 0.730849981
vt 0.154249996 0.713900000
vt 0.164516668 0.708949983
vt 0.159183333 0.728300005
vt 0.147733331 0.722299993
vt 0.154249996 0.713900000
vt 0.155600001 0.732050002
vt 0.146183332 0.735899985
vt 0.147733331 0.722299993
vt 0.154166669 0.738474995
vt 0.145416667 0.742200017
vt 0.146183332 0.735899985
vt 0.154816667 0.739350021
vt 0.152600000 0.757250011
vt 0.145416667 0.742200017
vt 0.164033333 0.746874988
vt 0.162550002 0.765650004
vt 0.152600000 0.757250011
vt 0.164033333 0.746874988
vt 0.171816667 0.758774996
vt 0.162550002 0.765650004
vt 0.163949996 0.745849997
vt 0.176749999 0.753775001
vt 0.171816667 0.758774996
vt 0.163783332 0.743849993
vt 0.177383333 0.738274992
vt 0.176749999 0.753775001
vt 0.173416664 0.730825007
vt 0.178599998 0.727824986
vt 0.177383333 0.738274992
vt 0.165416668 0.731249988
vt 0.172966669 0.716574997
vt 0.178599998 0.727824986
vt 0.173416664 0.730825007
vt 0.165416668 0.731249988
vt 0.178599998 0.727824986
vt 0.170233334 0.733425021
vt 0.173416664 0.730825007
vt 0.177383333 0.738274992
vt 0.170233334 0.733425021
vt 0.177383333 0.738274992
vt 0.163783332 0.743849993
vt 0.163783332 0.743849993
vt 0.176749999 0.753775001
vt 0.163949996 0.745849997
vt 0.163949996 0.745849997
vt 0.171816667 0.758774996
vt 0.164033333 0.746874988
vt 0.154816667 0.739350021
vt 0.164033333 0.746874988
vt 0.152600000 0.757250011
vt 0.154166669 0.738474995
vt 0.154816667 0.739350021
vt 0.145416667 0.742200017
vt 0.158066670 0.738749981
vt 0.154166669 0.738474995
vt 0.146183332 0.735899985
vt 0.158066670 0.738749981
vt 0.146183332 0.735899985
vt 0.155600001 0.732050002
vt 0.155600001 0.732050002
vt 0.147733331 0.722299993
vt 0.159183333 0.728300005
vt 0.159183333 0.728300005
vt 0.154249996 0.713900000
vt 0.162099997 0.730849981
vt 0.165416668 0.731249988
vt 0.162099997 0.730849981
vt 0.172966669 0.716574997
vt 0.541216666 0.672824979
vt 0.513816665 0.622150004
vt 0.559533333 0.629649997
vt 0.556383334 0.712024987
vt 0.541216666 0.672824979
vt 0.584816667 0.689325005
vt 0.547400000 0.743175000
vt 0.556383334 0.712024987
vt 0.590783333 0.743575007
vt 0.555916667 0.774675012
vt 0.547400000 0.743175000
vt 0.590783333 0.743575007
vt 0.539400001 0.811600000
vt 0.555916667 0.774675012
vt 0.584133333 0.795224994
vt 0.507799998 0.852200001
vt 0.539400001 0.811600000
vt 0.555833332 0.844974995
vt 0.459333330 0.811549991
vt 0.507799998 0.852200001
vt 0.483066668 0.826499999
vt 0.439666669 0.759975016
vt 0.459333330 0.811549991
vt 0.456166665 0.768074989
vt 0.445400000 0.726525009
vt 0.439666669 0.759975016
vt 0.451050003 0.714725018
vt 0.443683336 0.684374988
vt 0.445400000 0.726525009
vt 0.451050003 0.714725018
vt 0.467400004 0.647974998
vt 0.443683336 0.684374988
vt 0.457100004 0.663174987
vt 0.513816665 0.622150004
vt 0.467400004 0.647974998
vt 0.486416668 0.612174988
vt 0.523566668 0.853824973
vt 0.559533333 0.879649997
vt 0.513816665 0.872150004
vt 0.497850001 0.708949983
vt 0.513816665 0.622150004
vt 0.541216666 0.672824979
vt 0.497850001 0.708949983
vt 0.467400004 0.647974998
vt 0.513816665 0.622150004
vt 0.487583329 0.713900000
vt 0.443683336 0.684374988
vt 0.467400004 0.647974998
vt 0.481066664 0.722299993
vt 0.445400000 0.726525009
vt 0.443683336 0.684374988
vt 0.478750000 0.742200017
vt 0.439666669 0.759975016
vt 0.445400000 0.726525009
vt 0.485933334 0.757250011
vt 0.459333330 0.811549991
vt 0.439666669 0.759975016
vt 0.495883336 0.765650004
vt 0.507799998 0.852200001
vt 0.459333330 0.811549991
vt 0.495883336 0.765650004
vt 0.539400001 0.811600000
vt 0.507799998 0.852200001
vt 0.505150000 0.758774996
vt 0.555916667 0.774675012
vt 0.539400001 0.811600000
vt 0.510083333 0.753775001
vt 0.547400000 0.743175000
vt 0.555916667 0.774675012
vt 0.511933332 0.727824986
vt 0.556383334 0.712024987
vt 0.547400000 0.743175000
vt 0.506300002 0.716574997
vt 0.541216666 0.672824979
vt 0.556383334 0.712024987
vt 0.511933332 0.727824986
vt 0.506300002 0.716574997
vt 0.556383334 0.712024987
vt 0.510716667 0.738274992
vt 0.511933332 0.727824986
vt 0.547400000 0.743175000
vt 0.510716667 0.738274992
vt 0.547400000 0.743175000
vt 0.510083333 0.753775001
vt 0.510083333 0.753775001
vt 0.555916667 0.774675012
vt 0.505150000 0.758774996
vt 0.505150000 0.758774996
vt 0.539400001 0.811600000
vt 0.495883336 0.765650004
vt 0.485933334 0.757250011
vt 0.495883336 0.765650004
vt 0.459333330 0.811549991
vt 0.478750000 0.742200017
vt 0.485933334 0.757250011
vt 0.439666669 0.759975016
vt 0.479516665 0.735899985
vt 0.478750000 0.742200017
vt 0.445400000 0.726525009
vt 0.479516665 0.735899985
vt 0.445400000 0.726525009
vt 0.481066664 0.722299993
vt 0.481066664 0.722299993
vt 0.443683336 0.684374988
vt 0.487583329 0.713900000
vt 0.487583329 0.713900000
vt 0.467400004 0.647974998
vt 0.497850001 0.708949983
vt 0.506300002 0.716574997
vt 0.497850001 0.708949983
vt 0.541216666 0.672824979
vt 0.559533333 0.629649997
vt 0.584816667 0.689325005
vt 0.541216666 0.672824979
vt 0.584816667 0.689325005
vt 0.590783333 0.743575007
vt 0.556383334 0.712024987
vt 0.584133333 0.795224994
vt 0.555916667 0.774675012
vt 0.590783333 0.743575007
vt 0.555833332 0.844974995
vt 0.539400001 0.811600000
vt 0.584133333 0.795224994
vt 0.519866665 0.853224993
vt 0.507799998 0.852200001
vt 0.555833332 0.844974995
vt 0.519866665 0.853224993
vt 0.483066668 0.826499999
vt 0.507799998 0.852200001
vt 0.483066668 0.826499999
vt 0.456166665 0.768074989
vt 0.459333330 0.811549991
vt 0.456166665 0.768074989
vt 0.451050003 0.714725018
vt 0.439666669 0.759975016
vt 0.457100004 0.663174987
vt 0.443683336 0.684374988
vt 0.451050003 0.714725018
vt 0.523566668 0.853824973
vt 0.513816665 0.872150004
vt 0.486416668 0.862174988
vt 0.486416668 0.612174988
vt 0.467400004 0.647974998
vt 0.457100004 0.663174987
vt 0.885883334 0.229475021
vt 0.881033334 0.235974997
vt 0.879499999 0.227625012
vt 0.878116667 0.228475004
vt 0.879499999 0.227625012
vt 0.881033334 0.235974997
vt 0.882849999 0.238250017
vt 0.878116667 0.228475004
vt 0.881033334 0.235974997
vt 0.879383333 0.241899997
vt 0.878116667 0.228475004
vt 0.882849999 0.238250017
vt 0.880116666 0.240949988
vt 0.878116667 0.228475004
vt 0.879383333 0.241899997
vt 0.878916666 0.237774998
vt 0.878116667 0.228475004
vt 0.880116666 0.240949988
vt 0.880166667 0.227699995
vt 0.878116667 0.228475004
vt 0.878916666 0.237774998
vt 0.877716665 0.236575007
vt 0.880166667 0.227699995
vt 0.878916666 0.237774998
vt 0.878583334 0.232600003
vt 0.880166667 0.227699995
vt 0.877716665 0.236575007
vt 0.876833335 0.227299988
vt 0.880166667 0.227699995
vt 0.878583334 0.232600003
vt 0.211450001 0.728475004
vt 0.206049999 0.716600001
vt 0.215516667 0.710675001
vt 0.211450001 0.728475004
vt 0.215516667 0.710675001
vt 0.221216666 0.714450002
vt 0.212833333 0.727625012
vt 0.221216666 0.714450002
vt 0.226749999 0.721275002
vt 0.219216667 0.729475021
vt 0.226749999 0.721275002
vt 0.227416667 0.733600020
vt 0.216183332 0.738250017
vt 0.227416667 0.733600020
vt 0.226199999 0.744674981
vt 0.212716666 0.741899997
vt 0.226199999 0.744674981
vt 0.220633333 0.750100017
vt 0.213450000 0.740949988
vt 0.220633333 0.750100017
vt 0.212433333 0.756224990
vt 0.213450000 0.740949988
vt 0.212433333 0.756224990
vt 0.205633332 0.749225020
vt 0.212249999 0.737774998
vt 0.205633332 0.749225020
vt 0.199950000 0.743425012
vt 0.211049999 0.736575007
vt 0.199950000 0.743425012
vt 0.200583334 0.732275009
vt 0.210166668 0.727299988
vt 0.200583334 0.732275009
vt 0.201066668 0.722149998
vt 0.213500001 0.727699995
vt 0.201066668 0.722149998
vt 0.206049999 0.716600001
vt 0.210166668 0.727299988
vt 0.201066668 0.722149998
vt 0.213500001 0.727699995
vt 0.211916668 0.732600003
vt 0.200583334 0.732275009
vt 0.210166668 0.727299988
vt 0.211916668 0.732600003
vt 0.211049999 0.736575007
vt 0.200583334 0.732275009
vt 0.211049999 0.736575007
vt 0.212249999 0.737774998
vt 0.199950000 0.743425012
vt 0.212249999 0.737774998
vt 0.213450000 0.740949988
vt 0.205633332 0.749225020
vt 0.212716666 0.741899997
vt 0.220633333 0.750100017
vt 0.213450000 0.740949988
vt 0.216183332 0.738250017
vt 0.226199999 0.744674981
vt 0.212716666 0.741899997
vt 0.214366667 0.735974997
vt 0.227416667 0.733600020
vt 0.216183332 0.738250017
vt 0.214366667 0.735974997
vt 0.219216667 0.729475021
vt 0.227416667 0.733600020
vt 0.219216667 0.729475021
vt 0.212833333 0.727625012
vt 0.226749999 0.721275002
vt 0.212833333 0.727625012
vt 0.211450001 0.728475004
vt 0.221216666 0.714450002
vt 0.213500001 0.727699995
vt 0.206049999 0.716600001
vt 0.211450001 0.728475004
vt 0.509200002 0.669849992
vt 0.491866668 0.623700023
vt 0.536449999 0.622274995
vt 0.492916663 0.703525007
vt 0.465066671 0.679125011
vt 0.509200002 0.669849992
vt 0.500199998 0.730674982
vt 0.455583334 0.728049994
vt 0.492916663 0.703525007
vt 0.488216668 0.759225011
vt 0.455583334 0.728049994
vt 0.500199998 0.730674982
vt 0.499499997 0.799549997
vt 0.456216663 0.780600011
vt 0.488216668 0.759225011
vt 0.526333332 0.852550000
vt 0.478799999 0.838474989
vt 0.499499997 0.799549997
vt 0.577566667 0.818399996
vt 0.549283333 0.833499998
vt 0.526333332 0.852550000
vt 0.434083334 0.770424992
vt 0.409316666 0.780099988
vt 0.410900000 0.818399996
vt 0.428149999 0.733775020
vt 0.421983333 0.730374992
vt 0.434083334 0.770424992
vt 0.434050000 0.694700003
vt 0.421983333 0.730374992
vt 0.428149999 0.733775020
vt 0.414200000 0.655099988
vt 0.419116667 0.676625013
vt 0.434050000 0.694700003
vt 0.536449999 0.622274995
vt 0.563300000 0.618725002
vt 0.580866667 0.655099988
vt 0.526633332 0.852200031
vt 0.536449999 0.872274995
vt 0.491866668 0.873700023
vt 0.548850000 0.710675001
vt 0.509200002 0.669849992
vt 0.536449999 0.622274995
vt 0.548850000 0.710675001
vt 0.536449999 0.622274995
vt 0.580866667 0.655099988
vt 0.554550000 0.714450002
vt 0.580866667 0.655099988
vt 0.600716667 0.694700003
vt 0.560083332 0.721275002
vt 0.600716667 0.694700003
vt 0.594816666 0.733775020
vt 0.559533333 0.744674981
vt 0.594816666 0.733775020
vt 0.600750001 0.770424992
vt 0.553966666 0.750100017
vt 0.600750001 0.770424992
vt 0.577566667 0.818399996
vt 0.545766667 0.756224990
vt 0.577566667 0.818399996
vt 0.526333332 0.852550000
vt 0.545766667 0.756224990
vt 0.526333332 0.852550000
vt 0.499499997 0.799549997
vt 0.538966666 0.749225020
vt 0.499499997 0.799549997
vt 0.488216668 0.759225011
vt 0.533283333 0.743425012
vt 0.488216668 0.759225011
vt 0.500199998 0.730674982
vt 0.534400001 0.722149998
vt 0.500199998 0.730674982
vt 0.492916663 0.703525007
vt 0.539383332 0.716600001
vt 0.492916663 0.703525007
vt 0.509200002 0.669849992
vt 0.534400001 0.722149998
vt 0.492916663 0.703525007
vt 0.539383332 0.716600001
vt 0.533916667 0.732275009
vt 0.500199998 0.730674982
vt 0.534400001 0.722149998
vt 0.533916667 0.732275009
vt 0.533283333 0.743425012
vt 0.500199998 0.730674982
vt 0.533283333 0.743425012
vt 0.538966666 0.749225020
vt 0.488216668 0.759225011
vt 0.538966666 0.749225020
vt 0.545766667 0.756224990
vt 0.499499997 0.799549997
vt 0.553966666 0.750100017
vt 0.577566667 0.818399996
vt 0.545766667 0.756224990
vt 0.559533333 0.744674981
vt 0.600750001 0.770424992
vt 0.553966666 0.750100017
vt 0.560750000 0.733600020
vt 0.594816666 0.733775020
vt 0.559533333 0.744674981
vt 0.560750000 0.733600020
vt 0.560083332 0.721275002
vt 0.594816666 0.733775020
vt 0.560083332 0.721275002
vt 0.554550000 0.714450002
vt 0.600716667 0.694700003
vt 0.554550000 0.714450002
vt 0.548850000 0.710675001
vt 0.580866667 0.655099988
vt 0.539383332 0.716600001
vt 0.509200002 0.669849992
vt 0.548850000 0.710675001
vt 0.491866668 0.623700023
vt 0.509200002 0.669849992
vt 0.465066671 0.679125011
vt 0.465066671 0.679125011
vt 0.492916663 0.703525007
vt 0.455583334 0.728049994
vt 0.456216663 0.780600011
vt 0.455583334 0.728049994
vt 0.488216668 0.759225011
vt 0.478799999 0.838474989
vt 0.456216663 0.780600011
vt 0.499499997 0.799549997
vt 0.513950000 0.854900002
vt 0.478799999 0.838474989
vt 0.526333332 0.852550000
vt 0.513950000 0.854900002
vt 0.526333332 0.852550000
vt 0.549283333 0.833499998
vt 0.549283333 0.833499998
vt 0.577566667 0.818399996
vt 0.575983333 0.780099988
vt 0.409316666 0.780099988
vt 0.434083334 0.770424992
vt 0.421983333 0.730374992
vt 0.419116667 0.676625013
vt 0.421983333 0.730374992
vt 0.434050000 0.694700003
vt 0.526633332 0.852200031
vt 0.563300000 0.868725002
vt 0.536449999 0.872274995
vt 0.563300000 0.618725002
vt 0.585783333 0.676625013
vt 0.580866667 0.655099988
vt 0.208583333 0.317200005
vt 0.228216665 0.309049994
vt 0.247866667 0.282649994
vt 0.208583333 0.317200005
vt 0.247866667 0.282649994
vt 0.243800000 0.266400009
vt 0.074416667 0.300925016
vt 0.079850000 0.173924983
vt 0.103549999 0.193250000
vt 0.264116667 0.167850018
vt 0.227550000 0.088524997
vt 0.241766666 0.191200018
vt 0.233633333 0.194249988
vt 0.254633333 0.208474994
vt 0.264116667 0.167850018
vt 0.103549999 0.193250000
vt 0.090683334 0.168850005
vt 0.074416667 0.300925016
vt 0.228216665 0.309049994
vt 0.254633333 0.305000007
vt 0.253966667 0.294825017
vt 0.238383333 0.325325012
vt 0.209250001 0.341574997
vt 0.201799999 0.346650004
vt 0.243800000 0.266400009
vt 0.231616667 0.172924995
vt 0.207233335 0.283650011
vt 0.227550000 0.088524997
vt 0.224833334 0.203400016
vt 0.241766666 0.191200018
vt 0.225516667 0.221674979
vt 0.244483333 0.204425007
vt 0.237700000 0.271475017
vt 0.208583333 0.317200005
vt 0.192316666 0.308050007
vt 0.228216665 0.309049994
vt 0.208583333 0.317200005
vt 0.190966666 0.342599988
vt 0.187583332 0.328375012
vt 0.188933333 0.145475000
vt 0.241766666 0.191200018
vt 0.224833334 0.203400016
vt 0.234999999 0.079374999
vt 0.264116667 0.167850018
vt 0.254633333 0.208474994
vt 0.188933333 0.145475000
vt 0.264116667 0.167850018
vt 0.241766666 0.191200018
vt 0.077816666 0.204425007
vt 0.084583333 0.189175010
vt 0.103549999 0.240999997
vt 0.192316666 0.308050007
vt 0.225516667 0.322275013
vt 0.228216665 0.309049994
vt 0.238383333 0.325325012
vt 0.225516667 0.322275013
vt 0.209250001 0.341574997
vt 0.191649998 0.322275013
vt 0.209250001 0.341574997
vt 0.225516667 0.322275013
vt 0.187583332 0.344624996
vt 0.201799999 0.346650004
vt 0.209250001 0.341574997
vt 0.215350000 0.288749993
vt 0.201799999 0.346650004
vt 0.187583332 0.283650011
vt 0.081200000 0.282649994
vt 0.103549999 0.240999997
vt 0.103549999 0.193250000
vt 0.103549999 0.240999997
vt 0.087966667 0.305000007
vt 0.091350000 0.260300010
vt 0.254633333 0.305000007
vt 0.238383333 0.325325012
vt 0.237700000 0.271475017
vt 0.238383333 0.325325012
vt 0.201799999 0.346650004
vt 0.215350000 0.288749993
vt 0.077133333 0.266400009
vt 0.081200000 0.282649994
vt 0.103549999 0.193250000
vt 0.192316666 0.308050007
vt 0.208583333 0.317200005
vt 0.187583332 0.328375012
vt 0.213316667 0.240999997
vt 0.226183333 0.312099993
vt 0.225516667 0.221674979
vt 0.203166669 0.245050013
vt 0.213999999 0.245050013
vt 0.215350000 0.288749993
vt 0.213999999 0.245050013
vt 0.237700000 0.271475017
vt 0.215350000 0.288749993
vt 0.251933333 0.246075004
vt 0.225516667 0.221674979
vt 0.226183333 0.312099993
vt 0.254633333 0.208474994
vt 0.244483333 0.204425007
vt 0.251933333 0.246075004
vt 0.077816666 0.204425007
vt 0.103549999 0.240999997
vt 0.091350000 0.260300010
vt 0.213999999 0.320225000
vt 0.243800000 0.266400009
vt 0.207233335 0.283650011
vt 0.190966666 0.342599988
vt 0.187583332 0.342599988
vt 0.187583332 0.328375012
vt 0.079850000 0.173924983
vt 0.093383333 0.172924995
vt 0.103549999 0.193250000
vt 0.093383333 0.172924995
vt 0.077133333 0.266400009
vt 0.103549999 0.193250000
vt 0.192316666 0.334450006
vt 0.213999999 0.320225000
vt 0.207233335 0.283650011
vt 0.187583332 0.342599988
vt 0.187583332 0.342599988
vt 0.192316666 0.334450006
vt 0.207233335 0.283650011
vt 0.164549996 0.276549995
vt 0.182833334 0.329374999
vt 0.231616667 0.172924995
vt 0.187583332 0.167850018
vt 0.207233335 0.283650011
vt 0.201799999 0.346650004
vt 0.175383334 0.349700004
vt 0.187583332 0.283650011
vt 0.187583332 0.344624996
vt 0.175383334 0.349700004
vt 0.201799999 0.346650004
vt 0.192316666 0.308050007
vt 0.182833334 0.305000007
vt 0.183516666 0.319225013
vt 0.191649998 0.322275013
vt 0.183516666 0.319225013
vt 0.187583332 0.339549989
vt 0.187583332 0.328375012
vt 0.182833334 0.305000007
vt 0.192316666 0.308050007
vt 0.224833334 0.203400016
vt 0.187583332 0.163774997
vt 0.188933333 0.145475000
vt 0.199766666 0.098675013
vt 0.187583332 0.067200005
vt 0.224833334 0.203400016
vt 0.187583332 0.351725012
vt 0.199766666 0.348675013
vt 0.226183333 0.312099993
vt 0.199766666 0.348675013
vt 0.227550000 0.338524997
vt 0.226183333 0.312099993
vt 0.227550000 0.338524997
vt 0.234999999 0.329374999
vt 0.226183333 0.312099993
vt 0.234999999 0.329374999
vt 0.254633333 0.208474994
vt 0.251933333 0.246075004
vt 0.260050000 0.172924995
vt 0.231616667 0.172924995
vt 0.243800000 0.266400009
vt 0.187583332 0.342599988
vt 0.192316666 0.334450006
vt 0.182833334 0.329374999
vt 0.192316666 0.334450006
vt 0.190966666 0.342599988
vt 0.213999999 0.320225000
vt 0.190966666 0.342599988
vt 0.208583333 0.317200005
vt 0.213999999 0.320225000
vt 0.251250000 0.189175010
vt 0.244483333 0.204425007
vt 0.254633333 0.208474994
vt 0.090683334 0.168850005
vt 0.087300000 0.184100002
vt 0.102200000 0.188149989
vt 0.087300000 0.184100002
vt 0.084583333 0.189175010
vt 0.087966667 0.208474994
vt 0.090683334 0.168850005
vt 0.102200000 0.188149989
vt 0.102866667 0.224725008
vt 0.090683334 0.168850005
vt 0.102866667 0.224725008
vt 0.074416667 0.300925016
vt 0.090683334 0.168850005
vt 0.103549999 0.193250000
vt 0.103549999 0.240999997
vt 0.104950001 0.193250000
vt 0.117816667 0.168850005
vt 0.104950001 0.240999997
vt 0.105633338 0.224725008
vt 0.117816667 0.168850005
vt 0.134066671 0.300925016
vt 0.106299996 0.188149989
vt 0.117816667 0.168850005
vt 0.105633338 0.224725008
vt 0.123916666 0.189175010
vt 0.121199995 0.184100002
vt 0.120533337 0.209500015
vt 0.121199995 0.184100002
vt 0.117816667 0.168850005
vt 0.106299996 0.188149989
vt 0.130683333 0.204425007
vt 0.123916666 0.189175010
vt 0.120533337 0.209500015
vt 0.166583329 0.317200005
vt 0.184199999 0.342599988
vt 0.161166668 0.320225000
vt 0.184199999 0.342599988
vt 0.182833334 0.329374999
vt 0.161166668 0.320225000
vt 0.142883331 0.167850018
vt 0.117133329 0.167850018
vt 0.131366670 0.267399997
vt 0.120533337 0.209500015
vt 0.140166670 0.329374999
vt 0.123233338 0.246075004
vt 0.140166670 0.329374999
vt 0.147616665 0.338524997
vt 0.148983330 0.312099993
vt 0.147616665 0.338524997
vt 0.175383334 0.348675013
vt 0.148983330 0.312099993
vt 0.175383334 0.348675013
vt 0.187583332 0.351725012
vt 0.148983330 0.312099993
vt 0.187583332 0.067200005
vt 0.175383334 0.098675013
vt 0.150333335 0.203400016
vt 0.187583332 0.163774997
vt 0.150333335 0.203400016
vt 0.185549999 0.144474983
vt 0.142883331 0.167850018
vt 0.185549999 0.121100008
vt 0.132049998 0.139400005
vt 0.161166668 0.320225000
vt 0.182833334 0.329374999
vt 0.164549996 0.276549995
vt 0.131366670 0.267399997
vt 0.117133329 0.167850018
vt 0.104950001 0.193250000
vt 0.117133329 0.167850018
vt 0.129333337 0.176975012
vt 0.104950001 0.193250000
vt 0.187583332 0.342599988
vt 0.184199999 0.342599988
vt 0.187583332 0.330399990
vt 0.131366670 0.267399997
vt 0.161166668 0.320225000
vt 0.164549996 0.276549995
vt 0.104950001 0.240999997
vt 0.130683333 0.204425007
vt 0.117133329 0.260300010
vt 0.130683333 0.204425007
vt 0.120533337 0.209500015
vt 0.123233338 0.246075004
vt 0.149649998 0.221674979
vt 0.123233338 0.246075004
vt 0.148983330 0.312099993
vt 0.161849995 0.240999997
vt 0.161166668 0.245050013
vt 0.137466669 0.271475017
vt 0.172000001 0.245050013
vt 0.187583332 0.283650011
vt 0.159816662 0.288749993
vt 0.148983330 0.312099993
vt 0.161849995 0.240999997
vt 0.149649998 0.221674979
vt 0.166583329 0.317200005
vt 0.182833334 0.305000007
vt 0.187583332 0.330399990
vt 0.127300004 0.282649994
vt 0.131366670 0.267399997
vt 0.104950001 0.193250000
vt 0.117133329 0.167850018
vt 0.142883331 0.167850018
vt 0.132049998 0.139400005
vt 0.175383334 0.349700004
vt 0.136783332 0.325325012
vt 0.159816662 0.288749993
vt 0.136783332 0.325325012
vt 0.120533337 0.305000007
vt 0.137466669 0.271475017
vt 0.120533337 0.305000007
vt 0.104950001 0.240999997
vt 0.117133329 0.260300010
vt 0.104950001 0.240999997
vt 0.127300004 0.282649994
vt 0.104950001 0.193250000
vt 0.175383334 0.349700004
vt 0.159816662 0.288749993
vt 0.187583332 0.283650011
vt 0.175383334 0.349700004
vt 0.187583332 0.339549989
vt 0.165916671 0.341574997
vt 0.165916671 0.341574997
vt 0.183516666 0.319225013
vt 0.149649998 0.322275013
vt 0.149649998 0.322275013
vt 0.136783332 0.325325012
vt 0.165916671 0.341574997
vt 0.149649998 0.322275013
vt 0.182833334 0.305000007
vt 0.146949997 0.309049994
vt 0.123916666 0.189175010
vt 0.130683333 0.204425007
vt 0.104950001 0.240999997
vt 0.111050000 0.167850018
vt 0.185549999 0.144474983
vt 0.133400003 0.191200018
vt 0.111050000 0.167850018
vt 0.140166670 0.079374999
vt 0.120533337 0.209500015
vt 0.133400003 0.191200018
vt 0.185549999 0.144474983
vt 0.150333335 0.203400016
vt 0.184199999 0.342599988
vt 0.166583329 0.317200005
vt 0.187583332 0.330399990
vt 0.182833334 0.305000007
vt 0.166583329 0.317200005
vt 0.146949997 0.309049994
vt 0.130683333 0.204425007
vt 0.149649998 0.221674979
vt 0.137466669 0.271475017
vt 0.150333335 0.203400016
vt 0.147616665 0.088524997
vt 0.133400003 0.191200018
vt 0.142883331 0.167850018
vt 0.131366670 0.267399997
vt 0.164549996 0.276549995
vt 0.165916671 0.341574997
vt 0.136783332 0.325325012
vt 0.175383334 0.349700004
vt 0.120533337 0.305000007
vt 0.146949997 0.309049994
vt 0.121199995 0.294825017
vt 0.117816667 0.168850005
vt 0.104950001 0.193250000
vt 0.134066671 0.300925016
vt 0.120533337 0.209500015
vt 0.140166670 0.196274996
vt 0.111050000 0.167850018
vt 0.147616665 0.088524997
vt 0.111050000 0.167850018
vt 0.133400003 0.191200018
vt 0.129333337 0.176975012
vt 0.134066671 0.300925016
vt 0.104950001 0.193250000
vt 0.127300004 0.282649994
vt 0.166583329 0.317200005
vt 0.131366670 0.267399997
vt 0.146949997 0.309049994
vt 0.166583329 0.317200005
vt 0.127300004 0.282649994
vt 0.146949997 0.309049994
vt 0.127300004 0.282649994
vt 0.121199995 0.294825017
vt 0.131366670 0.267399997
vt 0.166583329 0.317200005
vt 0.161166668 0.320225000
vt 0.111050000 0.417850018
vt 0.147616665 0.338524997
vt 0.140166670 0.329374999
vt 0.146949997 0.309049994
vt 0.120533337 0.305000007
vt 0.149649998 0.322275013
vt 0.147616665 0.088524997
vt 0.150333335 0.203400016
vt 0.175383334 0.098675013
vt 0.130683333 0.204425007
vt 0.137466669 0.271475017
vt 0.117133329 0.260300010
vt 0.185549999 0.144474983
vt 0.111050000 0.167850018
vt 0.140166670 0.196274996
vt 0.182833334 0.305000007
vt 0.149649998 0.322275013
vt 0.183516666 0.319225013
vt 0.136783332 0.325325012
vt 0.149649998 0.322275013
vt 0.120533337 0.305000007
vt 0.183516666 0.319225013
vt 0.165916671 0.341574997
vt 0.187583332 0.339549989
vt 0.127300004 0.282649994
vt 0.104950001 0.240999997
vt 0.121199995 0.294825017
vt 0.104950001 0.240999997
vt 0.120533337 0.305000007
vt 0.121199995 0.294825017
vt 0.137466669 0.271475017
vt 0.120533337 0.305000007
vt 0.117133329 0.260300010
vt 0.159816662 0.288749993
vt 0.136783332 0.325325012
vt 0.137466669 0.271475017
vt 0.161849995 0.240999997
vt 0.137466669 0.271475017
vt 0.149649998 0.221674979
vt 0.123233338 0.246075004
vt 0.149649998 0.221674979
vt 0.130683333 0.204425007
vt 0.187583332 0.342599988
vt 0.187583332 0.328375012
vt 0.187583332 0.342599988
vt 0.185549999 0.121100008
vt 0.142883331 0.167850018
vt 0.187583332 0.167850018
vt 0.150333335 0.203400016
vt 0.187583332 0.163774997
vt 0.187583332 0.067200005
vt 0.175383334 0.348675013
vt 0.187583332 0.317200005
vt 0.187583332 0.351725012
vt 0.148983330 0.312099993
vt 0.187583332 0.351725012
vt 0.170650000 0.293825001
vt 0.187583332 0.351725012
vt 0.187583332 0.284675002
vt 0.170650000 0.293825001
vt 0.140166670 0.329374999
vt 0.148983330 0.312099993
vt 0.123233338 0.246075004
vt 0.182833334 0.329374999
vt 0.184199999 0.342599988
vt 0.187583332 0.342599988
vt 0.121199995 0.184100002
vt 0.123916666 0.189175010
vt 0.117816667 0.168850005
vt 0.104950001 0.240999997
vt 0.117816667 0.168850005
vt 0.123916666 0.189175010
vt 0.090683334 0.168850005
vt 0.103549999 0.240999997
vt 0.084583333 0.189175010
vt 0.084583333 0.189175010
vt 0.087300000 0.184100002
vt 0.090683334 0.168850005
vt 0.190966666 0.342599988
vt 0.192316666 0.334450006
vt 0.187583332 0.342599988
vt 0.226183333 0.312099993
vt 0.234999999 0.329374999
vt 0.251933333 0.246075004
vt 0.226183333 0.312099993
vt 0.204516669 0.293825001
vt 0.187583332 0.351725012
vt 0.204516669 0.293825001
vt 0.187583332 0.284675002
vt 0.187583332 0.351725012
vt 0.187583332 0.317200005
vt 0.199766666 0.348675013
vt 0.187583332 0.351725012
vt 0.187583332 0.163774997
vt 0.224833334 0.203400016
vt 0.187583332 0.067200005
vt 0.182833334 0.305000007
vt 0.187583332 0.328375012
vt 0.187583332 0.330399990
vt 0.191649998 0.322275013
vt 0.187583332 0.339549989
vt 0.187583332 0.344624996
vt 0.192316666 0.308050007
vt 0.183516666 0.319225013
vt 0.191649998 0.322275013
vt 0.175383334 0.349700004
vt 0.187583332 0.344624996
vt 0.187583332 0.339549989
vt 0.231616667 0.172924995
vt 0.185549999 0.121100008
vt 0.187583332 0.167850018
vt 0.207233335 0.283650011
vt 0.187583332 0.167850018
vt 0.164549996 0.276549995
vt 0.164549996 0.276549995
vt 0.187583332 0.167850018
vt 0.142883331 0.167850018
vt 0.207233335 0.283650011
vt 0.182833334 0.329374999
vt 0.192316666 0.334450006
vt 0.225516667 0.221674979
vt 0.251933333 0.246075004
vt 0.244483333 0.204425007
vt 0.237700000 0.271475017
vt 0.213316667 0.240999997
vt 0.225516667 0.221674979
vt 0.238383333 0.325325012
vt 0.215350000 0.288749993
vt 0.237700000 0.271475017
vt 0.254633333 0.305000007
vt 0.237700000 0.271475017
vt 0.258016666 0.260300010
vt 0.087966667 0.305000007
vt 0.103549999 0.240999997
vt 0.087300000 0.294825017
vt 0.103549999 0.240999997
vt 0.081200000 0.282649994
vt 0.087300000 0.294825017
vt 0.209250001 0.341574997
vt 0.191649998 0.322275013
vt 0.187583332 0.344624996
vt 0.225516667 0.322275013
vt 0.238383333 0.325325012
vt 0.254633333 0.305000007
vt 0.225516667 0.322275013
vt 0.192316666 0.308050007
vt 0.191649998 0.322275013
vt 0.264116667 0.167850018
vt 0.188933333 0.145475000
vt 0.233633333 0.194249988
vt 0.237700000 0.271475017
vt 0.244483333 0.204425007
vt 0.258016666 0.260300010
vt 0.224833334 0.203400016
vt 0.227550000 0.088524997
vt 0.199766666 0.098675013
vt 0.254633333 0.305000007
vt 0.228216665 0.309049994
vt 0.225516667 0.322275013
vt 0.227550000 0.338524997
vt 0.264116667 0.417850018
vt 0.234999999 0.329374999
vt 0.246516667 0.173924983
vt 0.239733333 0.129225016
vt 0.260050000 0.172924995
vt 0.208583333 0.317200005
vt 0.243800000 0.266400009
vt 0.213999999 0.320225000
vt 0.247866667 0.282649994
vt 0.228216665 0.309049994
vt 0.253966667 0.294825017
vt 0.187583332 0.328375012
vt 0.187583332 0.342599988
vt 0.187583332 0.330399990
vt 0.239733333 0.129225016
vt 0.185549999 0.121100008
vt 0.231616667 0.172924995
vt 0.260050000 0.172924995
vt 0.239733333 0.129225016
vt 0.231616667 0.172924995
vt 0.117133329 0.167850018
vt 0.132049998 0.139400005
vt 0.129333337 0.176975012
vt 0.170650000 0.293825001
vt 0.169300000 0.234899998
vt 0.148983330 0.312099993
vt 0.187583332 0.237949997
vt 0.174033334 0.235899985
vt 0.187583332 0.284675002
vt 0.205866665 0.234899998
vt 0.201133336 0.235899985
vt 0.204516669 0.293825001
vt 0.187583332 0.237949997
vt 0.172000001 0.245050013
vt 0.174033334 0.235899985
vt 0.203166669 0.245050013
vt 0.201133336 0.235899985
vt 0.205866665 0.234899998
vt 0.137466669 0.271475017
vt 0.161166668 0.245050013
vt 0.159816662 0.288749993
vt 0.172000001 0.245050013
vt 0.159816662 0.288749993
vt 0.161166668 0.245050013
vt 0.213316667 0.240999997
vt 0.237700000 0.271475017
vt 0.213999999 0.245050013
vt 0.187583332 0.283650011
vt 0.203166669 0.245050013
vt 0.215350000 0.288749993
vt 0.174033334 0.235899985
vt 0.169300000 0.234899998
vt 0.170650000 0.293825001
vt 0.226183333 0.312099993
vt 0.205866665 0.234899998
vt 0.204516669 0.293825001
vt 0.201133336 0.235899985
vt 0.187583332 0.237949997
vt 0.187583332 0.284675002
vt 0.169300000 0.234899998
vt 0.174033334 0.235899985
vt 0.172000001 0.245050013
vt 0.187583332 0.237949997
vt 0.201133336 0.235899985
vt 0.203166669 0.245050013
vt 0.187583332 0.290775001
vt 0.167266667 0.299924999
vt 0.186233332 0.303974986
vt 0.215350000 0.105875015
vt 0.176749999 0.170875013
vt 0.225516667 0.125174999
vt 0.167266667 0.299924999
vt 0.128650000 0.265375018
vt 0.157100002 0.302974999
vt 0.225516667 0.125174999
vt 0.176749999 0.170875013
vt 0.141516666 0.117049992
vt 0.186233332 0.303974986
vt 0.157100002 0.302974999
vt 0.176749999 0.420875013
vt 0.157100002 0.302974999
vt 0.117816667 0.260300010
vt 0.176749999 0.170875013
vt 0.117816667 0.260300010
vt 0.141516666 0.117049992
vt 0.176749999 0.170875013
vt 0.225516667 0.375174999
vt 0.141516666 0.367049992
vt 0.215350000 0.355875015
vt 0.215350000 0.105875015
vt 0.199766666 0.111950040
vt 0.176749999 0.170875013
vt 0.186233332 0.303974986
vt 0.188266665 0.298900008
vt 0.187583332 0.290775001
vt 0.186233332 0.303974986
vt 0.176749999 0.420875013
vt 0.188266665 0.298900008
vt 0.176749999 0.420875013
vt 0.199766666 0.361950040
vt 0.188266665 0.298900008
vt 0.233633333 0.368049979
vt 0.257350000 0.260300010
vt 0.199766666 0.361950040
vt 0.257350000 0.260300010
vt 0.218733333 0.302974999
vt 0.199766666 0.361950040
vt 0.218733333 0.302974999
vt 0.188266665 0.298900008
vt 0.199766666 0.361950040
vt 0.199766666 0.361950040
vt 0.148983330 0.375174999
vt 0.233633333 0.368049979
vt 0.247183333 0.264349997
vt 0.207233335 0.298900008
vt 0.218733333 0.302974999
vt 0.199766666 0.361950040
vt 0.159133335 0.353824973
vt 0.148983330 0.375174999
vt 0.207233335 0.298900008
vt 0.187583332 0.290775001
vt 0.188266665 0.298900008
vt 0.207233335 0.298900008
vt 0.188266665 0.298900008
vt 0.218733333 0.302974999
vt 0.247183333 0.264349997
vt 0.218733333 0.302974999
vt 0.257350000 0.260300010
vt 0.233633333 0.368049979
vt 0.247183333 0.264349997
vt 0.257350000 0.260300010
vt 0.148983330 0.375174999
vt 0.159133335 0.353824973
vt 0.233633333 0.368049979
vt 0.199766666 0.361950040
vt 0.215350000 0.355875015
vt 0.159133335 0.353824973
vt 0.128650000 0.265375018
vt 0.141516666 0.367049992
vt 0.117816667 0.260300010
vt 0.157100002 0.302974999
vt 0.128650000 0.265375018
vt 0.117816667 0.260300010
vt 0.186233332 0.303974986
vt 0.167266667 0.299924999
vt 0.157100002 0.302974999
vt 0.881350001 0.643450022
vt 0.937566668 0.721674979
vt 0.913183333 0.673924983
vt 0.770900001 0.721674979
vt 0.763450000 0.669874996
vt 0.746516667 0.673924983
vt 0.754633333 0.708474994
vt 0.760050000 0.719650000
vt 0.753966667 0.684100002
vt 0.755316667 0.665800005
vt 0.743116667 0.627200007
vt 0.770900001 0.721674979
vt 0.755316667 0.768424988
vt 0.758016666 0.769425005
vt 0.751250000 0.771475017
vt 0.895566667 0.890399992
vt 0.909783334 0.877200007
vt 0.880666666 0.852824986
vt 0.827833335 0.606875002
vt 0.787200004 0.672924995
vt 0.853566666 0.640399992
vt 0.889466666 0.753174990
vt 0.838666668 0.648525000
vt 0.933500001 0.694249988
vt 0.826483329 0.737949997
vt 0.889466666 0.753174990
vt 0.900300000 0.725749999
vt 0.787200004 0.672924995
vt 0.857633332 0.649550021
vt 0.854933331 0.707450002
vt 0.857633332 0.649550021
vt 0.787200004 0.672924995
vt 0.854933331 0.607900023
vt 0.854933331 0.605875015
vt 0.834600002 0.648525000
vt 0.884049999 0.650574982
vt 0.824449996 0.769425005
vt 0.888800000 0.829374999
vt 0.842050001 0.724725008
vt 0.812249998 0.656650007
vt 0.824449996 0.769425005
vt 0.842050001 0.724725008
vt 0.898950001 0.869075000
vt 0.854933331 0.855875015
vt 0.903700000 0.872125030
vt 0.769533334 0.758249998
vt 0.732283334 0.619075000
vt 0.770900001 0.703400016
vt 0.888800000 0.829374999
vt 0.936200000 0.758249998
vt 0.937566668 0.703400016
vt 0.840700001 0.777575016
vt 0.847483332 0.725749999
vt 0.913183333 0.673924983
vt 0.847483332 0.725749999
vt 0.841383333 0.696274996
vt 0.913183333 0.673924983
vt 0.907750000 0.800925016
vt 0.840700001 0.777575016
vt 0.913183333 0.673924983
vt 0.841383333 0.696274996
vt 0.881350001 0.643450022
vt 0.913183333 0.673924983
vt 0.755316667 0.768424988
vt 0.759383333 0.716600001
vt 0.770900001 0.697300017
vt 0.759383333 0.716600001
vt 0.770900001 0.695275009
vt 0.770900001 0.697300017
vt 0.758016666 0.769425005
vt 0.755316667 0.768424988
vt 0.768866667 0.749125004
vt 0.761416666 0.747075021
vt 0.770900001 0.695275009
vt 0.759383333 0.716600001
vt 0.751250000 0.771475017
vt 0.749216667 0.768424988
vt 0.755316667 0.768424988
vt 0.768866667 0.749125004
vt 0.755316667 0.768424988
vt 0.770900001 0.697300017
vt 0.767499999 0.698324978
vt 0.770900001 0.697300017
vt 0.768183333 0.681050003
vt 0.770900001 0.697300017
vt 0.770900001 0.695275009
vt 0.768183333 0.681050003
vt 0.787200004 0.672924995
vt 0.854933331 0.707450002
vt 0.826483329 0.737949997
vt 0.933500001 0.694249988
vt 0.838666668 0.648525000
vt 0.880666666 0.602824986
vt 0.812249998 0.656650007
vt 0.854933331 0.605875015
vt 0.833249996 0.601799965
vt 0.854933331 0.607900023
vt 0.787200004 0.672924995
vt 0.827833335 0.606875002
vt 0.889466666 0.753174990
vt 0.933500001 0.694249988
vt 0.900300000 0.725749999
vt 0.933500001 0.694249988
vt 0.880666666 0.602824986
vt 0.890150001 0.612975001
vt 0.880666666 0.852824986
vt 0.854933331 0.857900023
vt 0.827833335 0.856875002
vt 0.880666666 0.852824986
vt 0.827833335 0.856875002
vt 0.890150001 0.862975001
vt 0.889466666 0.753174990
vt 0.826483329 0.737949997
vt 0.854933331 0.707450002
vt 0.890150001 0.862975001
vt 0.827833335 0.856875002
vt 0.853566666 0.890399992
vt 0.933500001 0.694249988
vt 0.890150001 0.612975001
vt 0.853566666 0.640399992
vt 0.900300000 0.725749999
vt 0.933500001 0.694249988
vt 0.853566666 0.640399992
vt 0.826483329 0.737949997
vt 0.900300000 0.725749999
vt 0.853566666 0.640399992
vt 0.787200004 0.672924995
vt 0.826483329 0.737949997
vt 0.853566666 0.640399992
vt 0.903700000 0.622125030
vt 0.854933331 0.605875015
vt 0.884049999 0.650574982
vt 0.937566668 0.703400016
vt 0.903700000 0.622125030
vt 0.884049999 0.650574982
vt 0.904366667 0.755225003
vt 0.884049999 0.650574982
vt 0.842050001 0.724725008
vt 0.834600002 0.648525000
vt 0.842050001 0.724725008
vt 0.884049999 0.650574982
vt 0.904366667 0.755225003
vt 0.937566668 0.703400016
vt 0.884049999 0.650574982
vt 0.770900001 0.721674979
vt 0.753966667 0.763350010
vt 0.763450000 0.669874996
vt 0.758016666 0.769425005
vt 0.768866667 0.749125004
vt 0.760050000 0.719650000
vt 0.768866667 0.749125004
vt 0.767499999 0.698324978
vt 0.768866667 0.688149989
vt 0.767499999 0.698324978
vt 0.769533334 0.724725008
vt 0.768866667 0.688149989
vt 0.767499999 0.698324978
vt 0.768183333 0.681050003
vt 0.769533334 0.724725008
vt 0.761416666 0.747075021
vt 0.759383333 0.716600001
vt 0.749216667 0.768424988
vt 0.838666668 0.648525000
vt 0.833249996 0.601799965
vt 0.880666666 0.602824986
vt 0.833249996 0.851799965
vt 0.895566667 0.890399992
vt 0.880666666 0.852824986
vt 0.898950001 0.869075000
vt 0.936200000 0.758249998
vt 0.895566667 0.890399992
vt 0.936200000 0.758249998
vt 0.888800000 0.829374999
vt 0.920633333 0.763350010
vt 0.920633333 0.763350010
vt 0.824449996 0.769425005
vt 0.889466666 0.753174990
vt 0.824449996 0.769425005
vt 0.838666668 0.648525000
vt 0.889466666 0.753174990
vt 0.870499998 0.649550021
vt 0.884049999 0.769425005
vt 0.819033335 0.753174990
vt 0.884049999 0.769425005
vt 0.791933338 0.769425005
vt 0.819033335 0.753174990
vt 0.819700003 0.829374999
vt 0.772300005 0.758249998
vt 0.791933338 0.769425005
vt 0.772300005 0.758249998
vt 0.809549997 0.869075000
vt 0.812249998 0.890399992
vt 0.812249998 0.890399992
vt 0.875249999 0.851799965
vt 0.827833335 0.852824986
vt 0.875249999 0.601799965
vt 0.870499998 0.649550021
vt 0.827833335 0.602824986
vt 0.779749999 0.714574993
vt 0.781100005 0.744024992
vt 0.793966671 0.770449996
vt 0.772966663 0.687150002
vt 0.774333338 0.697300017
vt 0.772300005 0.724725008
vt 0.772300005 0.724725008
vt 0.774333338 0.697300017
vt 0.772966663 0.688149989
vt 0.774333338 0.697300017
vt 0.772300005 0.746075004
vt 0.772966663 0.688149989
vt 0.772300005 0.746075004
vt 0.783799996 0.769425005
vt 0.781783332 0.719650000
vt 0.791933338 0.769425005
vt 0.770933330 0.719650000
vt 0.777716666 0.680024981
vt 0.770933330 0.703400016
vt 0.804133336 0.755225003
vt 0.824449996 0.650574982
vt 0.866433332 0.724725008
vt 0.873900001 0.648525000
vt 0.824449996 0.650574982
vt 0.824449996 0.650574982
vt 0.804133336 0.755225003
vt 0.866433332 0.724725008
vt 0.804800004 0.622125030
vt 0.770933330 0.703400016
vt 0.824449996 0.650574982
vt 0.853566666 0.605875015
vt 0.804800004 0.622125030
vt 0.824449996 0.650574982
vt 0.882016666 0.738950014
vt 0.922666666 0.675974995
vt 0.854933331 0.640399992
vt 0.808183332 0.725749999
vt 0.882016666 0.738950014
vt 0.854933331 0.640399992
vt 0.774999996 0.694249988
vt 0.808183332 0.725749999
vt 0.854933331 0.640399992
vt 0.819033335 0.612975001
vt 0.774999996 0.694249988
vt 0.854933331 0.640399992
vt 0.881350001 0.856875002
vt 0.819033335 0.862975001
vt 0.854933331 0.890399992
vt 0.882016666 0.738950014
vt 0.819033335 0.753174990
vt 0.854933331 0.707450002
vt 0.881350001 0.856875002
vt 0.827833335 0.852824986
vt 0.819033335 0.862975001
vt 0.854933331 0.857900023
vt 0.827833335 0.852824986
vt 0.881350001 0.856875002
vt 0.827833335 0.602824986
vt 0.774999996 0.694249988
vt 0.819033335 0.612975001
vt 0.774999996 0.694249988
vt 0.819033335 0.753174990
vt 0.808183332 0.725749999
vt 0.922666666 0.675974995
vt 0.854933331 0.607900023
vt 0.881350001 0.606875002
vt 0.922666666 0.675974995
vt 0.854933331 0.707450002
vt 0.857633332 0.649550021
vt 0.853566666 0.605875015
vt 0.896250000 0.656650007
vt 0.875249999 0.601799965
vt 0.870499998 0.649550021
vt 0.774999996 0.694249988
vt 0.827833335 0.602824986
vt 0.854933331 0.707450002
vt 0.922666666 0.675974995
vt 0.882016666 0.738950014
vt 0.772300005 0.689175010
vt 0.772300005 0.695275009
vt 0.772966663 0.687150002
vt 0.772300005 0.695275009
vt 0.774333338 0.697300017
vt 0.772966663 0.687150002
vt 0.784483333 0.771475017
vt 0.772300005 0.746075004
vt 0.772300005 0.695275009
vt 0.793966671 0.770449996
vt 0.791250000 0.772475004
vt 0.784483333 0.771475017
vt 0.772300005 0.689175010
vt 0.781100005 0.744024992
vt 0.779749999 0.714574993
vt 0.784483333 0.771475017
vt 0.783799996 0.769425005
vt 0.772300005 0.746075004
vt 0.772300005 0.689175010
vt 0.779749999 0.714574993
vt 0.772300005 0.695275009
vt 0.779749999 0.714574993
vt 0.784483333 0.771475017
vt 0.772300005 0.695275009
vt 0.827833335 0.643450022
vt 0.867116665 0.696274996
vt 0.796000004 0.676975012
vt 0.867800002 0.777575016
vt 0.800733338 0.800925016
vt 0.796000004 0.676975012
vt 0.867116665 0.696274996
vt 0.861016666 0.725749999
vt 0.796000004 0.676975012
vt 0.861016666 0.725749999
vt 0.867800002 0.777575016
vt 0.796000004 0.676975012
vt 0.772300005 0.758249998
vt 0.819700003 0.829374999
vt 0.770933330 0.703400016
vt 0.809549997 0.619075000
vt 0.772300005 0.758249998
vt 0.770933330 0.703400016
vt 0.875249999 0.851799965
vt 0.809549997 0.869075000
vt 0.853566666 0.855875015
vt 0.884049999 0.769425005
vt 0.896250000 0.656650007
vt 0.866433332 0.724725008
vt 0.819700003 0.829374999
vt 0.884049999 0.769425005
vt 0.866433332 0.724725008
vt 0.873900001 0.648525000
vt 0.853566666 0.605875015
vt 0.824449996 0.650574982
vt 0.922666666 0.675974995
vt 0.857633332 0.649550021
vt 0.854933331 0.607900023
vt 0.819033335 0.753174990
vt 0.882016666 0.738950014
vt 0.808183332 0.725749999
vt 0.870499998 0.649550021
vt 0.819033335 0.753174990
vt 0.774999996 0.694249988
vt 0.922666666 0.675974995
vt 0.881350001 0.606875002
vt 0.854933331 0.640399992
vt 0.797349999 0.879225016
vt 0.812249998 0.890399992
vt 0.827833335 0.852824986
vt 0.783799996 0.769425005
vt 0.784483333 0.771475017
vt 0.791250000 0.772475004
vt 0.797349999 0.629225016
vt 0.787200004 0.665800005
vt 0.770933330 0.719650000
vt 0.770933330 0.719650000
vt 0.827833335 0.643450022
vt 0.796000004 0.676975012
vt 0.781783332 0.719650000
vt 0.787200004 0.709500015
vt 0.787866662 0.684100002
vt 0.787200004 0.665800005
vt 0.827833335 0.643450022
vt 0.770933330 0.719650000
vt 0.777716666 0.680024981
vt 0.770933330 0.719650000
vt 0.796000004 0.676975012
vt 0.853566666 0.855875015
vt 0.809549997 0.869075000
vt 0.804800004 0.872125030
vt 0.854933331 0.855875015
vt 0.898950001 0.869075000
vt 0.833249996 0.851799965
vt 0.797349999 0.629225016
vt 0.770933330 0.719650000
vt 0.812249998 0.640399992
vt 0.819033335 0.753174990
vt 0.852216666 0.621100008
vt 0.854933331 0.707450002
vt 0.819700003 0.829374999
vt 0.866433332 0.724725008
vt 0.804133336 0.755225003
vt 0.866433332 0.724725008
vt 0.896250000 0.656650007
vt 0.873900001 0.648525000
vt 0.809549997 0.619075000
vt 0.770933330 0.703400016
vt 0.804800004 0.622125030
vt 0.770933330 0.703400016
vt 0.819700003 0.829374999
vt 0.804133336 0.755225003
vt 0.793966671 0.770449996
vt 0.784483333 0.771475017
vt 0.779749999 0.714574993
vt 0.772300005 0.695275009
vt 0.772300005 0.746075004
vt 0.774333338 0.697300017
vt 0.896250000 0.656650007
vt 0.853566666 0.605875015
vt 0.873900001 0.648525000
vt 0.772300005 0.746075004
vt 0.781783332 0.719650000
vt 0.787866662 0.684100002
vt 0.772966663 0.688149989
vt 0.772300005 0.746075004
vt 0.787866662 0.684100002
vt 0.870499998 0.649550021
vt 0.875249999 0.601799965
vt 0.896250000 0.656650007
vt 0.875249999 0.851799965
vt 0.812249998 0.890399992
vt 0.809549997 0.869075000
vt 0.772300005 0.758249998
vt 0.812249998 0.640399992
vt 0.770933330 0.719650000
vt 0.791933338 0.769425005
vt 0.772300005 0.758249998
vt 0.770933330 0.719650000
vt 0.791933338 0.769425005
vt 0.884049999 0.769425005
vt 0.819700003 0.829374999
vt 0.884049999 0.769425005
vt 0.870499998 0.649550021
vt 0.896250000 0.656650007
vt 0.838666668 0.648525000
vt 0.824449996 0.769425005
vt 0.812249998 0.656650007
vt 0.824449996 0.769425005
vt 0.920633333 0.763350010
vt 0.888800000 0.829374999
vt 0.769533334 0.758249998
vt 0.753966667 0.763350010
vt 0.770900001 0.721674979
vt 0.895566667 0.640399992
vt 0.936200000 0.758249998
vt 0.937566668 0.721674979
vt 0.895566667 0.890399992
vt 0.833249996 0.851799965
vt 0.898950001 0.869075000
vt 0.833249996 0.601799965
vt 0.838666668 0.648525000
vt 0.812249998 0.656650007
vt 0.768866667 0.749125004
vt 0.768866667 0.688149989
vt 0.753966667 0.684100002
vt 0.760050000 0.719650000
vt 0.768866667 0.749125004
vt 0.753966667 0.684100002
vt 0.889466666 0.753174990
vt 0.854933331 0.707450002
vt 0.852216666 0.621100008
vt 0.854933331 0.605875015
vt 0.812249998 0.656650007
vt 0.834600002 0.648525000
vt 0.768866667 0.749125004
vt 0.770900001 0.697300017
vt 0.767499999 0.698324978
vt 0.755316667 0.768424988
vt 0.749216667 0.768424988
vt 0.759383333 0.716600001
vt 0.888800000 0.829374999
vt 0.937566668 0.703400016
vt 0.904366667 0.755225003
vt 0.770900001 0.703400016
vt 0.732283334 0.619075000
vt 0.737033334 0.622125030
vt 0.812249998 0.656650007
vt 0.842050001 0.724725008
vt 0.834600002 0.648525000
vt 0.842050001 0.724725008
vt 0.888800000 0.829374999
vt 0.904366667 0.755225003
vt 0.937566668 0.721674979
vt 0.909783334 0.627200007
vt 0.895566667 0.640399992
vt 0.881350001 0.643450022
vt 0.921983333 0.665800005
vt 0.937566668 0.721674979
vt 0.737033334 0.314150006
vt 0.739066667 0.217625022
vt 0.766150000 0.235899985
vt 0.800066670 0.220674992
vt 0.805483331 0.315149993
vt 0.776350001 0.236925006
vt 0.805483331 0.315149993
vt 0.800066670 0.220674992
vt 0.863049999 0.322275013
vt 0.863049999 0.322275013
vt 0.800066670 0.220674992
vt 0.892849999 0.281625003
vt 0.726183333 0.281625003
vt 0.800066670 0.220674992
vt 0.715350000 0.246075004
vt 0.715350000 0.246075004
vt 0.800066670 0.220674992
vt 0.737033334 0.207450002
vt 0.737033334 0.207450002
vt 0.800066670 0.220674992
vt 0.722799999 0.157674998
vt 0.889466666 0.157674998
vt 0.800066670 0.220674992
vt 0.853566666 0.133300006
vt 0.853566666 0.133300006
vt 0.800066670 0.220674992
vt 0.811583330 0.144474983
vt 0.905733333 0.217625022
vt 0.903700000 0.314150006
vt 0.842050001 0.320225000
vt 0.905733333 0.217625022
vt 0.842050001 0.320225000
vt 0.809549997 0.272475004
vt 0.739066667 0.217625022
vt 0.809549997 0.272475004
vt 0.819700003 0.234899998
vt 0.739066667 0.217625022
vt 0.819700003 0.234899998
vt 0.804133336 0.203400016
vt 0.739066667 0.217625022
vt 0.804133336 0.203400016
vt 0.816316664 0.166824996
vt 0.905733333 0.217625022
vt 0.816316664 0.166824996
vt 0.849500000 0.133300006
vt 0.905733333 0.217625022
vt 0.849500000 0.133300006
vt 0.895566667 0.135325015
vt 0.828516662 0.240999997
vt 0.815649996 0.312099993
vt 0.835966667 0.234899998
vt 0.854249999 0.283650011
vt 0.854249999 0.237949997
vt 0.869833335 0.245050013
vt 0.879983333 0.240999997
vt 0.872533331 0.234899998
vt 0.892849999 0.312099993
vt 0.837316667 0.293825001
vt 0.854249999 0.284675002
vt 0.840700001 0.235899985
vt 0.871183336 0.293825001
vt 0.867800002 0.235899985
vt 0.854249999 0.284675002
vt 0.838666668 0.245050013
vt 0.827833335 0.245050013
vt 0.835966667 0.234899998
vt 0.869833335 0.245050013
vt 0.872533331 0.234899998
vt 0.880666666 0.245050013
vt 0.838666668 0.245050013
vt 0.854249999 0.237949997
vt 0.854249999 0.283650011
vt 0.828516662 0.240999997
vt 0.835966667 0.234899998
vt 0.827833335 0.245050013
vt 0.879983333 0.240999997
vt 0.880666666 0.245050013
vt 0.872533331 0.234899998
vt 0.739733333 0.629225016
vt 0.746516667 0.673924983
vt 0.763450000 0.669874996
vt 0.739733333 0.629225016
vt 0.763450000 0.669874996
vt 0.753966667 0.763350010
vt 0.852216666 0.871100008
vt 0.906400000 0.879225016
vt 0.920633333 0.763350010
vt 0.889466666 0.753174990
vt 0.852216666 0.871100008
vt 0.920633333 0.763350010
vt 0.852216666 0.871100008
vt 0.819033335 0.753174990
vt 0.791933338 0.769425005
vt 0.777716666 0.680024981
vt 0.798716664 0.639400005
vt 0.791933338 0.769425005
vt 0.796000004 0.676975012
vt 0.798716664 0.639400005
vt 0.777716666 0.680024981
vt 0.798716664 0.889400005
vt 0.852216666 0.871100008
vt 0.791933338 0.769425005
vt 0.466049999 0.268424988
vt 0.541233331 0.297874987
vt 0.532433331 0.222700000
vt 0.580516667 0.264349997
vt 0.512116666 0.187150002
vt 0.540566668 0.298900008
vt 0.475533336 0.370074987
vt 0.485700001 0.358900011
vt 0.493149996 0.358900011
vt 0.520916666 0.290775001
vt 0.515499999 0.191200018
vt 0.520916666 0.184100002
vt 0.515499999 0.191200018
vt 0.520916666 0.105875015
vt 0.520916666 0.184100002
vt 0.512116666 0.187150002
vt 0.493149996 0.108900011
vt 0.515499999 0.191200018
vt 0.468766669 0.134299994
vt 0.470800002 0.123124957
vt 0.475533336 0.120074987
vt 0.493149996 0.358900011
vt 0.520916666 0.347725034
vt 0.520916666 0.355875015
vt 0.485700001 0.358900011
vt 0.520916666 0.352824986
vt 0.520916666 0.347725034
vt 0.470800002 0.373124957
vt 0.485700001 0.362975001
vt 0.485700001 0.358900011
vt 0.499250005 0.209500015
vt 0.455216666 0.265375018
vt 0.558166668 0.283650011
vt 0.443016668 0.236925006
vt 0.467400004 0.232850015
vt 0.466733336 0.220674992
vt 0.478249997 0.144474983
vt 0.491116663 0.176975012
vt 0.520233333 0.133300006
vt 0.520233333 0.133300006
vt 0.535816664 0.144474983
vt 0.556133332 0.157674998
vt 0.556133332 0.157674998
vt 0.499250005 0.209500015
vt 0.570366667 0.207450002
vt 0.570366667 0.207450002
vt 0.558166668 0.283650011
vt 0.548683333 0.246075004
vt 0.558166668 0.283650011
vt 0.559516666 0.281625003
vt 0.548683333 0.246075004
vt 0.547333332 0.320225000
vt 0.529716666 0.322275013
vt 0.559516666 0.281625003
vt 0.512116666 0.332424998
vt 0.472149998 0.315149993
vt 0.529716666 0.322275013
vt 0.472149998 0.315149993
vt 0.460633337 0.307025015
vt 0.443016668 0.236925006
vt 0.487733334 0.111950040
vt 0.485016664 0.153625011
vt 0.503983334 0.113999963
vt 0.441000005 0.188149989
vt 0.438966672 0.189175010
vt 0.438283334 0.211524993
vt 0.467400004 0.133300006
vt 0.458600005 0.139400005
vt 0.464016666 0.129225016
vt 0.501950001 0.211524993
vt 0.487733334 0.254199982
vt 0.487733334 0.295850009
vt 0.457916667 0.272475004
vt 0.453866671 0.284675002
vt 0.455216666 0.265375018
vt 0.485700001 0.362975001
vt 0.520916666 0.346724987
vt 0.520916666 0.352824986
vt 0.532433331 0.222700000
vt 0.534466669 0.277575016
vt 0.527683333 0.225749999
vt 0.517533332 0.183075011
vt 0.527683333 0.225749999
vt 0.533783332 0.196274996
vt 0.445733329 0.190200001
vt 0.487733334 0.254199982
vt 0.451833338 0.235899985
vt 0.461316665 0.136350006
vt 0.465383331 0.250124991
vt 0.487733334 0.254199982
vt 0.465383331 0.250124991
vt 0.442350000 0.199324995
vt 0.445050001 0.240999997
vt 0.532433331 0.222700000
vt 0.445733329 0.190200001
vt 0.466049999 0.268424988
vt 0.435566664 0.222700000
vt 0.436933329 0.209500015
vt 0.438283334 0.211524993
vt 0.449116667 0.227774978
vt 0.457916667 0.272475004
vt 0.455216666 0.265375018
vt 0.449116667 0.227774978
vt 0.448449999 0.219650000
vt 0.450466663 0.269425005
vt 0.426716667 0.219650000
vt 0.426050000 0.227774978
vt 0.424683333 0.269425005
vt 0.417916667 0.271475017
vt 0.426050000 0.227774978
vt 0.420633333 0.264349997
vt 0.437566668 0.206449986
vt 0.439600001 0.222700000
vt 0.437566668 0.209500015
vt 0.596100000 0.190200001
vt 0.509400000 0.222700000
vt 0.575783333 0.268424988
vt 0.432816667 0.197300017
vt 0.409783334 0.250124991
vt 0.430116667 0.240999997
vt 0.576450000 0.250124991
vt 0.580516667 0.136350006
vt 0.554099999 0.254199982
vt 0.554099999 0.254199982
vt 0.596100000 0.190200001
vt 0.590000000 0.235899985
vt 0.514149999 0.225749999
vt 0.524299999 0.183075011
vt 0.508050000 0.196274996
vt 0.507366667 0.277575016
vt 0.509400000 0.222700000
vt 0.514149999 0.225749999
vt 0.536500002 0.149550021
vt 0.508716668 0.119075000
vt 0.533099999 0.118049979
vt 0.520916666 0.346724987
vt 0.556133332 0.362975001
vt 0.520916666 0.352824986
vt 0.521599998 0.357900023
vt 0.555466667 0.376174986
vt 0.490433335 0.372125030
vt 0.521599998 0.357900023
vt 0.490433335 0.372125030
vt 0.494500001 0.352824986
vt 0.490433335 0.372125030
vt 0.539883335 0.352824986
vt 0.497883330 0.353824973
vt 0.421983333 0.284675002
vt 0.417916667 0.271475017
vt 0.420633333 0.264349997
vt 0.554099999 0.254199982
vt 0.539883335 0.211524993
vt 0.554099999 0.295850009
vt 0.583900000 0.139400005
vt 0.574416667 0.134299994
vt 0.576450000 0.127200007
vt 0.537850002 0.363999963
vt 0.554099999 0.361950040
vt 0.474849999 0.367049992
vt 0.437566668 0.195275009
vt 0.434166666 0.187150002
vt 0.437566668 0.209500015
vt 0.556816667 0.153625011
vt 0.554099999 0.111950040
vt 0.537850002 0.113999963
vt 0.413183333 0.315149993
vt 0.403700000 0.314150006
vt 0.432816667 0.235899985
vt 0.570366667 0.314150006
vt 0.530399998 0.330399990
vt 0.508716668 0.320225000
vt 0.508716668 0.320225000
vt 0.493149996 0.314150006
vt 0.476216664 0.272475004
vt 0.476216664 0.272475004
vt 0.482983331 0.281625003
vt 0.486366669 0.234899998
vt 0.482983331 0.281625003
vt 0.470800002 0.203400016
vt 0.486366669 0.234899998
vt 0.542583334 0.208474994
vt 0.482983331 0.166824996
vt 0.470800002 0.203400016
vt 0.504666666 0.145475000
vt 0.516166667 0.133300006
vt 0.482983331 0.166824996
vt 0.550033333 0.169874996
vt 0.562233334 0.135325015
vt 0.516166667 0.133300006
vt 0.403016667 0.233875006
vt 0.432816667 0.235899985
vt 0.405733333 0.217625022
vt 0.587300000 0.264349997
vt 0.542583334 0.208474994
vt 0.482983331 0.281625003
vt 0.556133332 0.362975001
vt 0.571716666 0.373124957
vt 0.556133332 0.358900011
vt 0.520916666 0.352824986
vt 0.556133332 0.358900011
vt 0.520916666 0.347725034
vt 0.520916666 0.347725034
vt 0.548683333 0.358900011
vt 0.520916666 0.355875015
vt 0.571716666 0.123124957
vt 0.573066667 0.134299994
vt 0.566300000 0.120074987
vt 0.548683333 0.108900011
vt 0.529716666 0.187150002
vt 0.526333332 0.190200001
vt 0.520916666 0.105875015
vt 0.526333332 0.190200001
vt 0.520916666 0.184100002
vt 0.526333332 0.190200001
vt 0.520916666 0.290775001
vt 0.520916666 0.184100002
vt 0.556133332 0.358900011
vt 0.566300000 0.370074987
vt 0.548683333 0.358900011
vt 0.529716666 0.187150002
vt 0.461983333 0.265375018
vt 0.500600000 0.299924999
vt 0.500600000 0.297874987
vt 0.575783333 0.268424988
vt 0.509400000 0.222700000
vt 0.560200001 0.370074987
vt 0.552066666 0.356875002
vt 0.568333333 0.368049979
vt 0.552066666 0.356875002
vt 0.520916666 0.346724987
vt 0.539883335 0.352824986
vt 0.576450000 0.127200007
vt 0.588650000 0.165800005
vt 0.583900000 0.139400005
vt 0.494500001 0.143450022
vt 0.453866671 0.165800005
vt 0.458600005 0.139400005
vt 0.453866671 0.165800005
vt 0.464016666 0.129225016
vt 0.458600005 0.139400005
vt 0.522266666 0.178000003
vt 0.565616667 0.145475000
vt 0.482983331 0.174950004
vt 0.461983333 0.265375018
vt 0.482983331 0.174950004
vt 0.474849999 0.117049992
vt 0.519566665 0.176975012
vt 0.580516667 0.264349997
vt 0.558166668 0.173924983
vt 0.519566665 0.176975012
vt 0.558166668 0.173924983
vt 0.476216664 0.145475000
vt 0.566966667 0.118049979
vt 0.558166668 0.173924983
vt 0.580516667 0.264349997
vt 0.522266666 0.178000003
vt 0.482983331 0.174950004
vt 0.461983333 0.265375018
vt 0.560883333 0.231849998
vt 0.520916666 0.163774997
vt 0.520916666 0.259274989
vt 0.516850000 0.240999997
vt 0.569683333 0.233875006
vt 0.520916666 0.259274989
vt 0.516850000 0.240999997
vt 0.517533332 0.324299991
vt 0.569683333 0.233875006
vt 0.517533332 0.324299991
vt 0.516850000 0.240999997
vt 0.460633337 0.307025015
vt 0.579850000 0.315149993
vt 0.569683333 0.233875006
vt 0.517533332 0.324299991
vt 0.560883333 0.231849998
vt 0.520916666 0.259274989
vt 0.569683333 0.233875006
vt 0.516850000 0.240999997
vt 0.520916666 0.259274989
vt 0.467400004 0.232850015
vt 0.587966667 0.294825017
vt 0.569683333 0.329374999
vt 0.558850000 0.337500006
vt 0.520916666 0.352750003
vt 0.517533332 0.324299991
vt 0.493816664 0.345625013
vt 0.517533332 0.324299991
vt 0.460633337 0.307025015
vt 0.493816664 0.345625013
vt 0.470800002 0.328375012
vt 0.454533329 0.295850009
vt 0.460633337 0.307025015
vt 0.579850000 0.315149993
vt 0.558850000 0.337500006
vt 0.569683333 0.329374999
vt 0.449800005 0.289750010
vt 0.489766667 0.341574997
vt 0.454533329 0.295850009
vt 0.520916666 0.342599988
vt 0.552066666 0.341574997
vt 0.520916666 0.352750003
vt 0.477566669 0.120074987
vt 0.505333334 0.103824973
vt 0.503300001 0.146499991
vt 0.520916666 0.105875015
vt 0.536500002 0.103824973
vt 0.538533335 0.146499991
vt 0.437566668 0.219650000
vt 0.434850000 0.256224990
vt 0.406400000 0.217625022
vt 0.421983333 0.293825001
vt 0.434850000 0.256224990
vt 0.437566668 0.230825007
vt 0.424683333 0.153625011
vt 0.437566668 0.230825007
vt 0.430783334 0.172924995
vt 0.437566668 0.219650000
vt 0.430783334 0.172924995
vt 0.437566668 0.230825007
vt 0.477566669 0.120074987
vt 0.445050001 0.168850005
vt 0.450466663 0.152599990
vt 0.439633330 0.231849998
vt 0.436933329 0.225749999
vt 0.445050001 0.168850005
vt 0.439633330 0.231849998
vt 0.445050001 0.168850005
vt 0.466733336 0.218625009
vt 0.520916666 0.342599988
vt 0.541233331 0.294825017
vt 0.552066666 0.341574997
vt 0.520916666 0.342599988
vt 0.489766667 0.341574997
vt 0.493816664 0.289750010
vt 0.493816664 0.345625013
vt 0.489766667 0.341574997
vt 0.520916666 0.352750003
vt 0.558850000 0.337500006
vt 0.520916666 0.352750003
vt 0.552066666 0.341574997
vt 0.493816664 0.345625013
vt 0.454533329 0.295850009
vt 0.489766667 0.341574997
vt 0.558850000 0.337500006
vt 0.552066666 0.341574997
vt 0.587966667 0.294825017
vt 0.518883333 0.144474983
vt 0.473500003 0.196274996
vt 0.491116663 0.176975012
vt 0.522266666 0.145475000
vt 0.550033333 0.169874996
vt 0.566966667 0.194249988
vt 0.478249997 0.144474983
vt 0.466733336 0.220674992
vt 0.482316663 0.233875006
vt 0.569683333 0.233875006
vt 0.572400000 0.217625022
vt 0.560883333 0.231849998
vt 0.439633330 0.231849998
vt 0.446416666 0.260300010
vt 0.436933329 0.225749999
vt 0.449800005 0.289750010
vt 0.436933329 0.225749999
vt 0.446416666 0.260300010
vt 0.439633330 0.231849998
vt 0.466733336 0.218625009
vt 0.446416666 0.260300010
vt 0.466733336 0.218625009
vt 0.493816664 0.289750010
vt 0.446416666 0.260300010
vt 0.449800005 0.289750010
vt 0.446416666 0.260300010
vt 0.493816664 0.289750010
vt 0.568333333 0.125174999
vt 0.565616667 0.145475000
vt 0.573066667 0.134299994
vt 0.542583334 0.208474994
vt 0.566966667 0.194249988
vt 0.504666666 0.145475000
vt 0.560200001 0.370074987
vt 0.568333333 0.375174999
vt 0.571716666 0.373124957
vt 0.559516666 0.220674992
vt 0.562233334 0.261299998
vt 0.596783334 0.258249998
vt 0.520233333 0.096724987
vt 0.569683333 0.167850018
vt 0.591350000 0.153625011
vt 0.587966667 0.294825017
vt 0.596783334 0.258249998
vt 0.569683333 0.329374999
vt 0.437566668 0.230825007
vt 0.421300000 0.294825017
vt 0.421983333 0.293825001
vt 0.538533335 0.146499991
vt 0.562916666 0.120074987
vt 0.573066667 0.217625022
vt 0.562916666 0.120074987
vt 0.597450001 0.172924995
vt 0.573066667 0.217625022
vt 0.588650000 0.293825001
vt 0.587966667 0.294825017
vt 0.552066666 0.341574997
vt 0.588650000 0.293825001
vt 0.552066666 0.341574997
vt 0.541233331 0.294825017
vt 0.529716666 0.187150002
vt 0.566300000 0.120074987
vt 0.573066667 0.134299994
vt 0.418600000 0.261299998
vt 0.409116667 0.187150002
vt 0.431466666 0.234899998
vt 0.434166666 0.187150002
vt 0.437566668 0.206449986
vt 0.437566668 0.209500015
vt 0.556133332 0.362975001
vt 0.552066666 0.356875002
vt 0.560200001 0.370074987
vt 0.562916666 0.120074987
vt 0.538533335 0.146499991
vt 0.536500002 0.103824973
vt 0.562916666 0.120074987
vt 0.520233333 0.096724987
vt 0.591350000 0.153625011
vt 0.554099999 0.111950040
vt 0.536500002 0.149550021
vt 0.533099999 0.118049979
vt 0.587300000 0.264349997
vt 0.569000000 0.287725002
vt 0.588650000 0.284675002
vt 0.550033333 0.169874996
vt 0.522266666 0.145475000
vt 0.560883333 0.231849998
vt 0.420633333 0.264349997
vt 0.482983331 0.281625003
vt 0.402333333 0.287725002
vt 0.562233334 0.336499989
vt 0.584583333 0.217625022
vt 0.570366667 0.323275000
vt 0.548016667 0.143450022
vt 0.583900000 0.139400005
vt 0.588650000 0.165800005
vt 0.575783333 0.268424988
vt 0.500600000 0.297874987
vt 0.570366667 0.323275000
vt 0.431466666 0.234899998
vt 0.421983333 0.284675002
vt 0.418600000 0.261299998
vt 0.430116667 0.258249998
vt 0.421300000 0.294825017
vt 0.437566668 0.230825007
vt 0.596783334 0.258249998
vt 0.591350000 0.153625011
vt 0.569683333 0.167850018
vt 0.517533332 0.324299991
vt 0.520916666 0.352750003
vt 0.579850000 0.315149993
vt 0.520916666 0.352750003
vt 0.558850000 0.337500006
vt 0.579850000 0.315149993
vt 0.583900000 0.139400005
vt 0.548016667 0.143450022
vt 0.563583333 0.116024971
vt 0.461983333 0.265375018
vt 0.529716666 0.187150002
vt 0.522266666 0.178000003
vt 0.569683333 0.167850018
vt 0.520233333 0.096724987
vt 0.520916666 0.126174986
vt 0.559516666 0.220674992
vt 0.569683333 0.167850018
vt 0.575783333 0.187150002
vt 0.539883335 0.211524993
vt 0.584583333 0.217625022
vt 0.593383333 0.199324995
vt 0.524299999 0.183075011
vt 0.596100000 0.190200001
vt 0.580516667 0.136350006
vt 0.568333333 0.125174999
vt 0.575100000 0.143450022
vt 0.565616667 0.145475000
vt 0.429433333 0.165800005
vt 0.434166666 0.187150002
vt 0.408433333 0.129225016
vt 0.429433333 0.165800005
vt 0.408433333 0.129225016
vt 0.413183333 0.139400005
vt 0.596783334 0.258249998
vt 0.530399998 0.330399990
vt 0.569683333 0.329374999
vt 0.566300000 0.370074987
vt 0.556133332 0.358900011
vt 0.571716666 0.373124957
vt 0.536500002 0.149550021
vt 0.569683333 0.167850018
vt 0.520916666 0.126174986
vt 0.579850000 0.139400005
vt 0.555466667 0.126174986
vt 0.574416667 0.134299994
vt 0.417233333 0.139400005
vt 0.429433333 0.165800005
vt 0.413183333 0.139400005
vt 0.568333333 0.118049979
vt 0.579850000 0.139400005
vt 0.575100000 0.129225016
vt 0.575783333 0.187150002
vt 0.556816667 0.153625011
vt 0.537850002 0.113999963
vt 0.537850002 0.113999963
vt 0.565616667 0.145475000
vt 0.575783333 0.187150002
vt 0.537850002 0.113999963
vt 0.474849999 0.117049992
vt 0.482983331 0.174950004
vt 0.520916666 0.290775001
vt 0.526333332 0.190200001
vt 0.500600000 0.299924999
vt 0.526333332 0.190200001
vt 0.520916666 0.105875015
vt 0.548683333 0.108900011
vt 0.566300000 0.120074987
vt 0.529716666 0.187150002
vt 0.548683333 0.108900011
vt 0.529716666 0.187150002
vt 0.500600000 0.299924999
vt 0.526333332 0.190200001
vt 0.573066667 0.134299994
vt 0.571716666 0.123124957
vt 0.568333333 0.125174999
vt 0.548683333 0.358900011
vt 0.520916666 0.347725034
vt 0.556133332 0.358900011
vt 0.522266666 0.178000003
vt 0.529716666 0.187150002
vt 0.573066667 0.134299994
vt 0.482983331 0.174950004
vt 0.565616667 0.145475000
vt 0.537850002 0.113999963
vt 0.522266666 0.178000003
vt 0.573066667 0.134299994
vt 0.565616667 0.145475000
vt 0.408433333 0.143450022
vt 0.408433333 0.129225016
vt 0.434166666 0.187150002
vt 0.565616667 0.145475000
vt 0.575100000 0.143450022
vt 0.575783333 0.187150002
vt 0.408433333 0.143450022
vt 0.434166666 0.187150002
vt 0.409116667 0.187150002
vt 0.536500002 0.149550021
vt 0.556816667 0.153625011
vt 0.569683333 0.167850018
vt 0.556816667 0.153625011
vt 0.575783333 0.187150002
vt 0.569683333 0.167850018
vt 0.434166666 0.187150002
vt 0.429433333 0.165800005
vt 0.437566668 0.206449986
vt 0.596100000 0.165800005
vt 0.583900000 0.139400005
vt 0.563583333 0.116024971
vt 0.520916666 0.352824986
vt 0.556133332 0.362975001
vt 0.556133332 0.358900011
vt 0.556133332 0.362975001
vt 0.560200001 0.370074987
vt 0.571716666 0.373124957
vt 0.575100000 0.379225016
vt 0.560200001 0.370074987
vt 0.568333333 0.368049979
vt 0.575100000 0.143450022
vt 0.568333333 0.125174999
vt 0.575100000 0.129225016
vt 0.439600001 0.222700000
vt 0.430116667 0.240999997
vt 0.433500001 0.205424994
vt 0.566966667 0.194249988
vt 0.542583334 0.208474994
vt 0.587966667 0.208474994
vt 0.554099999 0.295850009
vt 0.539883335 0.211524993
vt 0.593383333 0.199324995
vt 0.570366667 0.323275000
vt 0.584583333 0.217625022
vt 0.590000000 0.235899985
vt 0.504666666 0.145475000
vt 0.566966667 0.194249988
vt 0.550033333 0.169874996
vt 0.482983331 0.281625003
vt 0.493149996 0.314150006
vt 0.569000000 0.287725002
vt 0.493149996 0.314150006
vt 0.530399998 0.330399990
vt 0.569000000 0.287725002
vt 0.542583334 0.208474994
vt 0.587300000 0.264349997
vt 0.592716667 0.227774978
vt 0.520916666 0.163774997
vt 0.560883333 0.231849998
vt 0.522266666 0.145475000
vt 0.403016667 0.233875006
vt 0.413183333 0.315149993
vt 0.432816667 0.235899985
vt 0.562233334 0.135325015
vt 0.560883333 0.231849998
vt 0.572400000 0.217625022
vt 0.550033333 0.169874996
vt 0.560883333 0.231849998
vt 0.562233334 0.135325015
vt 0.504666666 0.145475000
vt 0.550033333 0.169874996
vt 0.516166667 0.133300006
vt 0.542583334 0.208474994
vt 0.504666666 0.145475000
vt 0.482983331 0.166824996
vt 0.482983331 0.281625003
vt 0.542583334 0.208474994
vt 0.470800002 0.203400016
vt 0.493149996 0.314150006
vt 0.482983331 0.281625003
vt 0.476216664 0.272475004
vt 0.530399998 0.330399990
vt 0.493149996 0.314150006
vt 0.508716668 0.320225000
vt 0.569683333 0.329374999
vt 0.530399998 0.330399990
vt 0.570366667 0.314150006
vt 0.579850000 0.315149993
vt 0.569683333 0.329374999
vt 0.570366667 0.314150006
vt 0.562233334 0.261299998
vt 0.575783333 0.187150002
vt 0.585266667 0.261299998
vt 0.562233334 0.261299998
vt 0.559516666 0.220674992
vt 0.575783333 0.187150002
vt 0.569683333 0.167850018
vt 0.559516666 0.220674992
vt 0.596783334 0.258249998
vt 0.596783334 0.258249998
vt 0.562233334 0.261299998
vt 0.530399998 0.330399990
vt 0.530399998 0.330399990
vt 0.562233334 0.261299998
vt 0.569000000 0.287725002
vt 0.569000000 0.287725002
vt 0.562233334 0.261299998
vt 0.585266667 0.261299998
vt 0.563583333 0.116024971
vt 0.560200001 0.119075000
vt 0.599483334 0.197300017
vt 0.596783334 0.240999997
vt 0.554099999 0.295850009
vt 0.593383333 0.199324995
vt 0.599483334 0.197300017
vt 0.596100000 0.165800005
vt 0.563583333 0.116024971
vt 0.568333333 0.375174999
vt 0.560200001 0.370074987
vt 0.575100000 0.379225016
vt 0.536500002 0.149550021
vt 0.554099999 0.111950040
vt 0.556816667 0.153625011
vt 0.574416667 0.300925016
vt 0.602866667 0.224725008
vt 0.562233334 0.336499989
vt 0.417916667 0.195275009
vt 0.436200000 0.224725008
vt 0.434850000 0.181050003
vt 0.542583334 0.208474994
vt 0.592716667 0.227774978
vt 0.587966667 0.208474994
vt 0.434850000 0.181050003
vt 0.439600001 0.222700000
vt 0.433500001 0.205424994
vt 0.588650000 0.284675002
vt 0.569000000 0.287725002
vt 0.585266667 0.261299998
vt 0.437566668 0.195275009
vt 0.431466666 0.234899998
vt 0.434166666 0.187150002
vt 0.431466666 0.234899998
vt 0.409116667 0.187150002
vt 0.434166666 0.187150002
vt 0.430116667 0.258249998
vt 0.437566668 0.230825007
vt 0.424683333 0.153625011
vt 0.562916666 0.120074987
vt 0.591350000 0.153625011
vt 0.597450001 0.172924995
vt 0.573066667 0.217625022
vt 0.588650000 0.293825001
vt 0.541233331 0.294825017
vt 0.573066667 0.217625022
vt 0.541233331 0.294825017
vt 0.520916666 0.222700000
vt 0.538533335 0.146499991
vt 0.573066667 0.217625022
vt 0.520916666 0.222700000
vt 0.421983333 0.293825001
vt 0.406400000 0.217625022
vt 0.434850000 0.256224990
vt 0.437566668 0.219650000
vt 0.406400000 0.217625022
vt 0.430783334 0.172924995
vt 0.562916666 0.370074987
vt 0.536500002 0.353824973
vt 0.520233333 0.346724987
vt 0.536500002 0.353824973
vt 0.520916666 0.355875015
vt 0.520233333 0.346724987
vt 0.437566668 0.219650000
vt 0.437566668 0.230825007
vt 0.434850000 0.256224990
vt 0.583900000 0.139400005
vt 0.579850000 0.139400005
vt 0.574416667 0.134299994
vt 0.539883335 0.352824986
vt 0.568333333 0.368049979
vt 0.552066666 0.356875002
vt 0.555466667 0.376174986
vt 0.568333333 0.368049979
vt 0.539883335 0.352824986
vt 0.568333333 0.118049979
vt 0.555466667 0.126174986
vt 0.579850000 0.139400005
vt 0.548016667 0.143450022
vt 0.518200000 0.110949993
vt 0.563583333 0.116024971
vt 0.554099999 0.254199982
vt 0.590000000 0.235899985
vt 0.539883335 0.211524993
vt 0.584583333 0.217625022
vt 0.539883335 0.211524993
vt 0.590000000 0.235899985
vt 0.590000000 0.235899985
vt 0.575783333 0.268424988
vt 0.570366667 0.323275000
vt 0.433500001 0.205424994
vt 0.430116667 0.240999997
vt 0.426716667 0.199324995
vt 0.500600000 0.297874987
vt 0.574416667 0.300925016
vt 0.570366667 0.323275000
vt 0.436200000 0.224725008
vt 0.417916667 0.195275009
vt 0.417916667 0.217625022
vt 0.417916667 0.195275009
vt 0.426716667 0.199324995
vt 0.417916667 0.217625022
vt 0.417916667 0.271475017
vt 0.421983333 0.284675002
vt 0.415883333 0.268424988
vt 0.520916666 0.346724987
vt 0.552066666 0.356875002
vt 0.556133332 0.362975001
vt 0.539883335 0.352824986
vt 0.520916666 0.346724987
vt 0.497883330 0.353824973
vt 0.539883335 0.352824986
vt 0.490433335 0.372125030
vt 0.555466667 0.376174986
vt 0.555466667 0.376174986
vt 0.521599998 0.357900023
vt 0.547333332 0.352824986
vt 0.541233331 0.294825017
vt 0.493816664 0.289750010
vt 0.520916666 0.222700000
vt 0.538533335 0.146499991
vt 0.520916666 0.222700000
vt 0.503300001 0.146499991
vt 0.482316663 0.233875006
vt 0.520916666 0.259274989
vt 0.520916666 0.163774997
vt 0.482316663 0.233875006
vt 0.467400004 0.232850015
vt 0.520916666 0.259274989
vt 0.467400004 0.232850015
vt 0.460633337 0.307025015
vt 0.516850000 0.240999997
vt 0.536500002 0.149550021
vt 0.502633333 0.155650020
vt 0.508716668 0.119075000
vt 0.536500002 0.149550021
vt 0.520916666 0.126174986
vt 0.502633333 0.155650020
vt 0.541233331 0.294825017
vt 0.520916666 0.342599988
vt 0.493816664 0.289750010
vt 0.538533335 0.146499991
vt 0.503300001 0.146499991
vt 0.520916666 0.105875015
vt 0.576450000 0.377200007
vt 0.574416667 0.384299994
vt 0.547333332 0.352824986
vt 0.574416667 0.384299994
vt 0.555466667 0.376174986
vt 0.547333332 0.352824986
vt 0.584583333 0.217625022
vt 0.562233334 0.336499989
vt 0.602866667 0.224725008
vt 0.574416667 0.300925016
vt 0.562233334 0.336499989
vt 0.570366667 0.323275000
vt 0.423333333 0.235899985
vt 0.429433333 0.190200001
vt 0.409116667 0.268424988
vt 0.500600000 0.297874987
vt 0.509400000 0.222700000
vt 0.507366667 0.277575016
vt 0.509400000 0.222700000
vt 0.524299999 0.183075011
vt 0.514149999 0.225749999
vt 0.524299999 0.183075011
vt 0.516166667 0.143450022
vt 0.508050000 0.196274996
vt 0.508050000 0.196274996
vt 0.516166667 0.143450022
vt 0.548016667 0.143450022
vt 0.516166667 0.143450022
vt 0.518200000 0.110949993
vt 0.548016667 0.143450022
vt 0.580516667 0.136350006
vt 0.516166667 0.143450022
vt 0.524299999 0.183075011
vt 0.507366667 0.277575016
vt 0.574416667 0.300925016
vt 0.500600000 0.297874987
vt 0.417916667 0.195275009
vt 0.434850000 0.181050003
vt 0.433500001 0.205424994
vt 0.433500001 0.205424994
vt 0.426716667 0.199324995
vt 0.417916667 0.195275009
vt 0.596100000 0.190200001
vt 0.554099999 0.254199982
vt 0.580516667 0.136350006
vt 0.576450000 0.250124991
vt 0.554099999 0.295850009
vt 0.596783334 0.240999997
vt 0.432816667 0.197300017
vt 0.430116667 0.240999997
vt 0.439600001 0.222700000
vt 0.576450000 0.250124991
vt 0.560200001 0.119075000
vt 0.580516667 0.136350006
vt 0.554099999 0.295850009
vt 0.576450000 0.250124991
vt 0.554099999 0.254199982
vt 0.518200000 0.110949993
vt 0.516166667 0.143450022
vt 0.580516667 0.136350006
vt 0.560200001 0.369075000
vt 0.518200000 0.360949993
vt 0.580516667 0.386350006
vt 0.560200001 0.369075000
vt 0.563583333 0.366024971
vt 0.518200000 0.360949993
vt 0.576450000 0.250124991
vt 0.599483334 0.197300017
vt 0.560200001 0.119075000
vt 0.596100000 0.190200001
vt 0.524299999 0.183075011
vt 0.509400000 0.222700000
vt 0.421983333 0.284675002
vt 0.431466666 0.234899998
vt 0.428083333 0.247075021
vt 0.437566668 0.195275009
vt 0.439600001 0.222700000
vt 0.434850000 0.181050003
vt 0.439600001 0.222700000
vt 0.437566668 0.206449986
vt 0.432816667 0.197300017
vt 0.437566668 0.206449986
vt 0.429433333 0.165800005
vt 0.432816667 0.197300017
vt 0.417916667 0.271475017
vt 0.424683333 0.269425005
vt 0.426050000 0.227774978
vt 0.439600001 0.222700000
vt 0.437566668 0.195275009
vt 0.437566668 0.209500015
vt 0.426050000 0.227774978
vt 0.426716667 0.219650000
vt 0.421300000 0.208474994
vt 0.428083333 0.247075021
vt 0.431466666 0.234899998
vt 0.437566668 0.195275009
vt 0.421983333 0.284675002
vt 0.428083333 0.247075021
vt 0.415883333 0.268424988
vt 0.447766672 0.244024992
vt 0.453866671 0.284675002
vt 0.460633337 0.270449996
vt 0.443699996 0.234899998
vt 0.447766672 0.244024992
vt 0.438966672 0.189175010
vt 0.448449999 0.219650000
vt 0.449116667 0.227774978
vt 0.453866671 0.209500015
vt 0.438966672 0.189175010
vt 0.439633330 0.187150002
vt 0.438283334 0.211524993
vt 0.450466663 0.269425005
vt 0.457916667 0.272475004
vt 0.449116667 0.227774978
vt 0.445733329 0.165800005
vt 0.436933329 0.209500015
vt 0.442350000 0.199324995
vt 0.436933329 0.209500015
vt 0.435566664 0.222700000
vt 0.442350000 0.199324995
vt 0.438283334 0.211524993
vt 0.439633330 0.187150002
vt 0.435566664 0.222700000
vt 0.443699996 0.234899998
vt 0.453866671 0.284675002
vt 0.447766672 0.244024992
vt 0.517533332 0.183075011
vt 0.445733329 0.190200001
vt 0.532433331 0.222700000
vt 0.442350000 0.199324995
vt 0.465383331 0.250124991
vt 0.481633335 0.119075000
vt 0.478249997 0.366024971
vt 0.481633335 0.369075000
vt 0.523633331 0.360949993
vt 0.523633331 0.360949993
vt 0.481633335 0.369075000
vt 0.461316665 0.386350006
vt 0.525650000 0.143450022
vt 0.523633331 0.110949993
vt 0.461316665 0.136350006
vt 0.465383331 0.250124991
vt 0.487733334 0.295850009
vt 0.487733334 0.254199982
vt 0.481633335 0.119075000
vt 0.465383331 0.250124991
vt 0.461316665 0.136350006
vt 0.445050001 0.240999997
vt 0.442350000 0.199324995
vt 0.435566664 0.222700000
vt 0.487733334 0.295850009
vt 0.465383331 0.250124991
vt 0.445050001 0.240999997
vt 0.487733334 0.254199982
vt 0.445733329 0.190200001
vt 0.461316665 0.136350006
vt 0.448449999 0.199324995
vt 0.441666663 0.205424994
vt 0.457249999 0.195275009
vt 0.439633330 0.187150002
vt 0.457249999 0.195275009
vt 0.441666663 0.205424994
vt 0.467400004 0.300925016
vt 0.534466669 0.277575016
vt 0.541233331 0.297874987
vt 0.525650000 0.143450022
vt 0.461316665 0.136350006
vt 0.517533332 0.183075011
vt 0.523633331 0.110949993
vt 0.525650000 0.143450022
vt 0.494500001 0.143450022
vt 0.525650000 0.143450022
vt 0.533783332 0.196274996
vt 0.494500001 0.143450022
vt 0.525650000 0.143450022
vt 0.517533332 0.183075011
vt 0.533783332 0.196274996
vt 0.517533332 0.183075011
vt 0.532433331 0.222700000
vt 0.527683333 0.225749999
vt 0.532433331 0.222700000
vt 0.541233331 0.297874987
vt 0.534466669 0.277575016
vt 0.445733329 0.190200001
vt 0.451833338 0.235899985
vt 0.466049999 0.268424988
vt 0.479600002 0.336499989
vt 0.467400004 0.300925016
vt 0.471466670 0.323275000
vt 0.479600002 0.336499989
vt 0.457249999 0.217625022
vt 0.438966672 0.224725008
vt 0.490433335 0.372125030
vt 0.467400004 0.383300006
vt 0.494500001 0.352824986
vt 0.467400004 0.383300006
vt 0.464016666 0.379225016
vt 0.494500001 0.352824986
vt 0.520916666 0.346724987
vt 0.485700001 0.362975001
vt 0.489083330 0.356875002
vt 0.520916666 0.346724987
vt 0.489083330 0.356875002
vt 0.497883330 0.353824973
vt 0.453866671 0.284675002
vt 0.457916667 0.272475004
vt 0.460633337 0.270449996
vt 0.448449999 0.199324995
vt 0.457249999 0.195275009
vt 0.457249999 0.217625022
vt 0.457249999 0.195275009
vt 0.438966672 0.224725008
vt 0.457249999 0.217625022
vt 0.467400004 0.300925016
vt 0.541233331 0.297874987
vt 0.471466670 0.323275000
vt 0.445050001 0.240999997
vt 0.441666663 0.205424994
vt 0.448449999 0.199324995
vt 0.466049999 0.268424988
vt 0.451833338 0.235899985
vt 0.471466670 0.323275000
vt 0.501950001 0.211524993
vt 0.457249999 0.217625022
vt 0.451833338 0.235899985
vt 0.451833338 0.235899985
vt 0.487733334 0.254199982
vt 0.501950001 0.211524993
vt 0.523633331 0.110949993
vt 0.494500001 0.143450022
vt 0.478249997 0.116024971
vt 0.490433335 0.122125030
vt 0.472833335 0.119075000
vt 0.462666670 0.137349993
vt 0.472833335 0.369075000
vt 0.490433335 0.372125030
vt 0.497883330 0.353824973
vt 0.472833335 0.369075000
vt 0.497883330 0.353824973
vt 0.489083330 0.356875002
vt 0.462666670 0.137349993
vt 0.458600005 0.139400005
vt 0.467400004 0.133300006
vt 0.520916666 0.342599988
vt 0.520916666 0.352750003
vt 0.489766667 0.341574997
vt 0.450466663 0.152599990
vt 0.445050001 0.168850005
vt 0.436933329 0.225749999
vt 0.477566669 0.370074987
vt 0.520233333 0.346724987
vt 0.505333334 0.353824973
vt 0.520233333 0.346724987
vt 0.520916666 0.355875015
vt 0.505333334 0.353824973
vt 0.477566669 0.120074987
vt 0.466733336 0.218625009
vt 0.445050001 0.168850005
vt 0.466733336 0.218625009
vt 0.503300001 0.146499991
vt 0.520916666 0.222700000
vt 0.493816664 0.289750010
vt 0.466733336 0.218625009
vt 0.520916666 0.222700000
vt 0.436933329 0.225749999
vt 0.446416666 0.256224990
vt 0.450466663 0.152599990
vt 0.503983334 0.363999963
vt 0.566966667 0.368049979
vt 0.487733334 0.361950040
vt 0.466049999 0.187150002
vt 0.443699996 0.234899998
vt 0.441000005 0.188149989
vt 0.443699996 0.234899998
vt 0.438966672 0.189175010
vt 0.441000005 0.188149989
vt 0.474183331 0.290775001
vt 0.453866671 0.284675002
vt 0.456566672 0.261299998
vt 0.435566664 0.222700000
vt 0.439633330 0.187150002
vt 0.441666663 0.205424994
vt 0.449116667 0.227774978
vt 0.499250005 0.209500015
vt 0.453866671 0.209500015
vt 0.438966672 0.224725008
vt 0.457249999 0.195275009
vt 0.439633330 0.187150002
vt 0.438966672 0.224725008
vt 0.467400004 0.300925016
vt 0.479600002 0.336499989
vt 0.487733334 0.111950040
vt 0.502633333 0.155650020
vt 0.485016664 0.153625011
vt 0.481633335 0.370074987
vt 0.473500003 0.375174999
vt 0.466733336 0.378224999
vt 0.445733329 0.165800005
vt 0.442350000 0.199324995
vt 0.478249997 0.116024971
vt 0.487733334 0.295850009
vt 0.445050001 0.240999997
vt 0.448449999 0.199324995
vt 0.481633335 0.119075000
vt 0.478249997 0.116024971
vt 0.442350000 0.199324995
vt 0.479600002 0.261299998
vt 0.474183331 0.290775001
vt 0.456566672 0.261299998
vt 0.479600002 0.261299998
vt 0.512116666 0.332424998
vt 0.474183331 0.290775001
vt 0.479600002 0.261299998
vt 0.446416666 0.256224990
vt 0.512116666 0.332424998
vt 0.482316663 0.220674992
vt 0.474183331 0.173924983
vt 0.446416666 0.256224990
vt 0.482316663 0.220674992
vt 0.479600002 0.261299998
vt 0.466049999 0.187150002
vt 0.466049999 0.187150002
vt 0.479600002 0.261299998
vt 0.456566672 0.261299998
vt 0.470800002 0.328375012
vt 0.460633337 0.307025015
vt 0.472149998 0.315149993
vt 0.512116666 0.332424998
vt 0.470800002 0.328375012
vt 0.472149998 0.315149993
vt 0.547333332 0.320225000
vt 0.512116666 0.332424998
vt 0.529716666 0.322275013
vt 0.558166668 0.283650011
vt 0.547333332 0.320225000
vt 0.559516666 0.281625003
vt 0.499250005 0.209500015
vt 0.558166668 0.283650011
vt 0.570366667 0.207450002
vt 0.535816664 0.144474983
vt 0.499250005 0.209500015
vt 0.556133332 0.157674998
vt 0.491116663 0.176975012
vt 0.535816664 0.144474983
vt 0.520233333 0.133300006
vt 0.482316663 0.233875006
vt 0.491116663 0.176975012
vt 0.478249997 0.144474983
vt 0.467400004 0.232850015
vt 0.482316663 0.233875006
vt 0.466733336 0.220674992
vt 0.460633337 0.307025015
vt 0.467400004 0.232850015
vt 0.443016668 0.236925006
vt 0.482316663 0.233875006
vt 0.520916666 0.163774997
vt 0.518883333 0.144474983
vt 0.535816664 0.144474983
vt 0.491116663 0.176975012
vt 0.473500003 0.196274996
vt 0.455216666 0.265375018
vt 0.499250005 0.209500015
vt 0.449116667 0.227774978
vt 0.512116666 0.332424998
vt 0.547333332 0.320225000
vt 0.474183331 0.290775001
vt 0.547333332 0.320225000
vt 0.558166668 0.283650011
vt 0.474183331 0.290775001
vt 0.457249999 0.217625022
vt 0.471466670 0.323275000
vt 0.451833338 0.235899985
vt 0.501950001 0.211524993
vt 0.487733334 0.295850009
vt 0.448449999 0.199324995
vt 0.499250005 0.209500015
vt 0.473500003 0.196274996
vt 0.453866671 0.209500015
vt 0.445050001 0.240999997
vt 0.435566664 0.222700000
vt 0.441666663 0.205424994
vt 0.473500003 0.125174999
vt 0.466049999 0.143450022
vt 0.466733336 0.128224999
vt 0.481633335 0.370074987
vt 0.466733336 0.378224999
vt 0.472833335 0.369075000
vt 0.481633335 0.370074987
vt 0.485700001 0.362975001
vt 0.470800002 0.373124957
vt 0.485700001 0.362975001
vt 0.520916666 0.352824986
vt 0.485700001 0.358900011
vt 0.458600005 0.139400005
vt 0.445733329 0.165800005
vt 0.478249997 0.116024971
vt 0.445733329 0.165800005
vt 0.441000005 0.188149989
vt 0.436933329 0.209500015
vt 0.466049999 0.187150002
vt 0.485016664 0.153625011
vt 0.474183331 0.173924983
vt 0.485016664 0.153625011
vt 0.502633333 0.155650020
vt 0.474183331 0.173924983
vt 0.441000005 0.188149989
vt 0.466049999 0.143450022
vt 0.466049999 0.187150002
vt 0.466049999 0.143450022
vt 0.476216664 0.145475000
vt 0.466049999 0.187150002
vt 0.466733336 0.128224999
vt 0.466049999 0.143450022
vt 0.441000005 0.188149989
vt 0.503983334 0.113999963
vt 0.558166668 0.173924983
vt 0.566966667 0.118049979
vt 0.468766669 0.134299994
vt 0.519566665 0.176975012
vt 0.476216664 0.145475000
vt 0.476216664 0.145475000
vt 0.558166668 0.173924983
vt 0.503983334 0.113999963
vt 0.512116666 0.187150002
vt 0.519566665 0.176975012
vt 0.468766669 0.134299994
vt 0.520916666 0.347725034
vt 0.493149996 0.358900011
vt 0.485700001 0.358900011
vt 0.470800002 0.123124957
vt 0.468766669 0.134299994
vt 0.473500003 0.125174999
vt 0.540566668 0.298900008
vt 0.512116666 0.187150002
vt 0.515499999 0.191200018
vt 0.512116666 0.187150002
vt 0.475533336 0.120074987
vt 0.493149996 0.108900011
vt 0.520916666 0.105875015
vt 0.515499999 0.191200018
vt 0.493149996 0.108900011
vt 0.515499999 0.191200018
vt 0.520916666 0.290775001
vt 0.540566668 0.298900008
vt 0.476216664 0.145475000
vt 0.503983334 0.113999963
vt 0.466049999 0.187150002
vt 0.485016664 0.153625011
vt 0.466049999 0.187150002
vt 0.503983334 0.113999963
vt 0.462666670 0.137349993
vt 0.466733336 0.128224999
vt 0.445733329 0.165800005
vt 0.445733329 0.165800005
vt 0.458600005 0.139400005
vt 0.462666670 0.137349993
vt 0.490433335 0.122125030
vt 0.462666670 0.137349993
vt 0.467400004 0.133300006
vt 0.474183331 0.173924983
vt 0.502633333 0.155650020
vt 0.520916666 0.126174986
vt 0.485700001 0.358900011
vt 0.475533336 0.370074987
vt 0.470800002 0.373124957
vt 0.512116666 0.332424998
vt 0.446416666 0.256224990
vt 0.470800002 0.328375012
vt 0.466733336 0.128224999
vt 0.462666670 0.137349993
vt 0.472833335 0.119075000
vt 0.441000005 0.188149989
vt 0.445733329 0.165800005
vt 0.466733336 0.128224999
vt 0.466049999 0.143450022
vt 0.473500003 0.125174999
vt 0.476216664 0.145475000
vt 0.445733329 0.190200001
vt 0.517533332 0.183075011
vt 0.461316665 0.136350006
vt 0.457249999 0.217625022
vt 0.501950001 0.211524993
vt 0.448449999 0.199324995
vt 0.474183331 0.173924983
vt 0.482316663 0.220674992
vt 0.466049999 0.187150002
vt 0.520233333 0.096724987
vt 0.474183331 0.173924983
vt 0.520916666 0.126174986
vt 0.493816664 0.345625013
vt 0.460633337 0.307025015
vt 0.454533329 0.295850009
vt 0.512116666 0.187150002
vt 0.580516667 0.264349997
vt 0.519566665 0.176975012
vt 0.450466663 0.152599990
vt 0.446416666 0.256224990
vt 0.474183331 0.173924983
vt 0.454533329 0.295850009
vt 0.446416666 0.256224990
vt 0.436933329 0.225749999
vt 0.453866671 0.284675002
vt 0.443699996 0.234899998
vt 0.456566672 0.261299998
vt 0.541233331 0.297874987
vt 0.466049999 0.268424988
vt 0.471466670 0.323275000
vt 0.478249997 0.116024971
vt 0.494500001 0.143450022
vt 0.458600005 0.139400005
vt 0.457249999 0.217625022
vt 0.479600002 0.336499989
vt 0.471466670 0.323275000
vt 0.391500001 0.283650011
vt 0.455216666 0.265375018
vt 0.474183331 0.290775001
vt 0.518883333 0.144474983
vt 0.491116663 0.176975012
vt 0.482316663 0.233875006
vt 0.474183331 0.290775001
vt 0.455216666 0.265375018
vt 0.453866671 0.284675002
vt 0.502633333 0.155650020
vt 0.487733334 0.111950040
vt 0.508716668 0.119075000
vt 0.520233333 0.346724987
vt 0.477566669 0.370074987
vt 0.450466663 0.402599990
vt 0.520916666 0.105875015
vt 0.503300001 0.146499991
vt 0.505333334 0.103824973
vt 0.489083330 0.356875002
vt 0.485700001 0.362975001
vt 0.481633335 0.370074987
vt 0.436933329 0.209500015
vt 0.441000005 0.188149989
vt 0.438283334 0.211524993
vt 0.466049999 0.187150002
vt 0.456566672 0.261299998
vt 0.443699996 0.234899998
vt 0.475533336 0.120074987
vt 0.512116666 0.187150002
vt 0.468766669 0.134299994
vt 0.449800005 0.289750010
vt 0.493816664 0.289750010
vt 0.489766667 0.341574997
vt 0.466733336 0.218625009
vt 0.477566669 0.120074987
vt 0.503300001 0.146499991
vt 0.454533329 0.295850009
vt 0.436933329 0.225749999
vt 0.449800005 0.289750010
vt 0.446416666 0.256224990
vt 0.454533329 0.295850009
vt 0.470800002 0.328375012
vt 0.474183331 0.173924983
vt 0.520233333 0.096724987
vt 0.450466663 0.152599990
vt 0.479600002 0.261299998
vt 0.482316663 0.220674992
vt 0.446416666 0.256224990
vt 0.473500003 0.375174999
vt 0.481633335 0.370074987
vt 0.470800002 0.373124957
vt 0.473500003 0.196274996
vt 0.499250005 0.209500015
vt 0.535816664 0.144474983
vt 0.476216664 0.145475000
vt 0.473500003 0.125174999
vt 0.468766669 0.134299994
vt 0.489083330 0.356875002
vt 0.481633335 0.370074987
vt 0.472833335 0.369075000
vt 0.882016666 0.355875015
vt 0.808183332 0.367049992
vt 0.887433333 0.361950040
vt 0.866433332 0.368049979
vt 0.825800002 0.353824973
vt 0.882016666 0.355875015
vt 0.900300000 0.368049979
vt 0.825800002 0.353824973
vt 0.821066668 0.361950040
vt 0.842050001 0.369075000
vt 0.821066668 0.361950040
vt 0.825800002 0.353824973
vt 0.825800002 0.353824973
vt 0.866433332 0.368049979
vt 0.842050001 0.369075000
vt 0.866433332 0.368049979
vt 0.882016666 0.355875015
vt 0.887433333 0.361950040
vn -0.7248002509191668 -0.014800095665045702 0.6888000823430688
vn -0.7023087574513026 -0.1075014221391457 0.70370864244037
vn -0.010499909678091366 0.6689940679705233 0.7431935743243496
vn 0.6572012318442318 -0.40320081434577676 0.6368011025220722
vn 0.6235847986571911 -0.4651885436604072 -0.6282846629759317
vn 0.5586250786420057 -0.2882129798435201 0.7777347232584716
vn 0.30590128366301783 -0.6428024668043896 -0.7023029213405777
vn 0.5787815593249797 0.5101837809959379 -0.6361795471358962
vn -0.24509417840987843 0.6883834321243227 0.6826837438274949
vn -0.05189849812968885 0.8868743250162392 -0.45908656865440184
vn -0.3944043795950247 -0.5542061960938751 0.7330079655552327
vn -0.3842048878605615 -0.6916088178820026 0.6116075924740574
vn -0.2837014783002791 -0.9288047518454706 -0.23840135100185542
vn -0.29118929369833146 -0.7145735393407215 -0.6360766086797575
vn 0.6812919385077539 -0.4092950353737498 -0.6068927982294301
vn 0.7210030251875491 -0.1906008542585104 0.6662026358596371
vn 0.3868875616929116 -0.5830810734970047 -0.7143769847474751
vn 0.6740044108955214 -0.4355028416136871 0.596703719646346
vn -0.6525970570881442 -0.4025982335439211 0.641896988174277
vn -0.5768023974506653 -0.2846012286810822 0.7657030331194876
vn -0.6262991356902406 -0.461099248622873 -0.6285991374103848
vn -0.42270027957497497 -0.603500270337467 -0.6761005083194678
vn -0.7947041223229597 -0.1000004270756487 -0.5987029919313768
vn -0.6824913868044323 -0.3540953692451138 -0.6393918801618684
vn 0.7246715392876282 -0.02409914485739167 0.6886729204518224
vn 0.7930236996525443 -0.11510334301011585 -0.5982178802219865
vn 0.7254746860768224 0.2008928778616238 0.658276941329567
vn 0.7094251022353302 0.2498088916790909 -0.659023172548929
vn 0.3137156889453606 0.6654331547485701 0.6773338785790233
vn 0.07799978406123813 0.8761975301496349 -0.47559848806117977
vn -0.0011000016610910432 0.6526007861087401 0.7577011310316225
vn -0.600230261122668 0.4729238433525701 -0.6450323030835337
vn 0.12779426489306986 0.5576747013664726 0.8201631260403355
vn -0.2667043502101359 0.8938145306943402 -0.36050572020239186
vn -0.12360169235406149 0.5581074478914034 0.8205112420042494
vn 0.2660048900470907 0.8934163136854358 -0.36200647633952937
vn 0.3847118672558178 -0.6182190839749653 0.6854209971993104
vn 0.48632728215221077 -0.7830438907473456 0.3877216008912876
vn 0.40400758636320355 -0.5421102146053088 0.7368136707347149
vn 0.30301304945183566 -0.915339260768223 -0.2652114808189542
vn -0.7288971209562433 0.1958991120287825 0.6559973513422398
vn -0.715123148531244 0.23830778125102567 -0.657121209389846
vn -0.5943817884865753 -0.5175841920585295 0.6154810262279573
vn -0.3034805755558714 -0.6516581415079212 -0.6951555271065021
vn 0.29519565327950553 -0.706789405693999 -0.6428905523365618
vn 0.4027910549882682 -0.6893846818470059 0.6020864775562894
vn -0.3924117554211776 -0.6169185266514867 0.6822203058260787
vn -0.5082215545601091 -0.7576321603649018 0.4095172292606472
vn -0.03570042577423197 -0.7183085259927529 0.6948081325701775
vn 0.02949891549879801 -0.961564548440014 0.2729898041461375
vn -0.18920582804175579 -0.9819300966728169 0.0037999846244322387
vn -0.04589953537128001 -0.7011928947925904 0.7114926260651533
vn 0.23001208823474772 -0.9728509669782923 -0.02560147095954394
vn 0.06799891788541754 -0.689289014044846 0.7212882934607332
vn -0.04759816043279412 -0.95316300700879 0.2986882943695239
vn -0.008000339872876011 -0.7379313146784766 0.6748283999498048
vn -0.12340273598139737 -0.6877151937996773 0.7154156672658055
vn 0.25259190703802276 -0.0028000397398682416 0.9675688545402595
vn -0.6253188168318002 -0.5745172908592691 0.5281157636539583
vn -0.5525895414697259 0.5539893774347528 0.6226881790653594
vn -0.3315965068013335 0.6700927278990211 0.6640929849757502
vn -0.4676053384957993 0.8715098578617148 0.1477017774438845
vn -0.12949536076700588 0.9755649235762749 0.17749375038980905
vn 0.5595949601484885 -0.612594511833429 0.5581948088687086
vn 0.01530035712734261 -0.4717110743431378 0.8816204179882736
vn -0.4902912894448732 -0.4820914805805418 0.7260869478555199
vn 0.7868823910391185 0.29889320902342453 0.5398879071365087
vn -0.8802291482355337 0.1278041459021341 0.4570150401100309
vn -0.966747798901045 0.23358737603804153 -0.10409433738512122
vn -0.4518979831388487 -0.4972977774934716 0.7405964713223352
vn -0.4824242737696516 -0.8686436138960524 0.11280555002051162
vn -0.2821994044544593 -0.4055991809415868 0.8693979529220566
vn -0.1063023562693643 -0.3975088877404297 0.9114200421424511
vn -0.06960051839219432 -0.8970065886855074 0.4365030901314748
vn 0.5726180692420626 0.7315229676139857 0.3701117326304587
vn 0.16660512851522918 0.9277283206200934 0.334010320606782
vn 0.22519848396631223 0.4567967806646548 0.8605941807807452
vn -0.7062003123634873 0.7080002186350561 -0.004099906148405691
vn -0.7321644327586464 -0.6694673334351076 -0.12549395549784848
vn 0.3084034116792104 -0.7781086043557499 0.5472059351763016
vn -0.09620304755177432 0.6307197836887508 0.7700243685139883
vn -0.6825929366011203 0.47509496050980327 0.5552942115675685
vn -0.16819025094510676 0.4635729468091656 0.8699495171983767
vn 0.44349647653993535 -0.4804962169954775 0.7565938545545409
vn 0.09679588103686283 0.6411725198740613 0.7612675989247437
vn 0.28540632559075435 -0.4048090492081719 0.8687190932585516
vn 0.10379842166788691 -0.4027939608850454 0.9093860086529769
vn 0.5525895414697259 0.5539893774347528 0.6226881790653594
vn 0.8802291482355337 0.1278041459021341 0.4570150401100309
vn 0.6825929366011203 0.47509496050980327 0.5552942115675685
vn -0.019499388992334308 -0.4710852797946335 0.8818721182743775
vn -0.4045062381086213 0.10390146695264085 0.908613883063813
vn 0.5113054908043818 -0.5741061502604254 0.6395067030973515
vn 0.3315965068013335 0.6700927278990211 0.6640929849757502
vn 0.12949536076700588 0.9755649235762749 0.17749375038980905
vn 0.4750806362097109 -0.8739642507091183 0.10239569122294993
vn 0.06949822700987263 -0.8996769649315961 0.43098881100784514
vn -0.5635027776315816 -0.6089029770303463 0.5583025919383447
vn -0.3152078377594451 -0.7830194612453636 0.536213150086825
vn 0.7062003123634873 0.7080002186350561 -0.004099906148405691
vn -0.38010643836947716 0.8034133844400175 0.45830778873231864
vn 0.4902912894448732 -0.4820914805805418 0.7260869478555199
vn -0.12419896022761628 0.9271920496662304 0.35339711559959514
vn -0.0753996311053759 -0.6162969817163265 0.7838959917977125
vn 0.7338612612908362 -0.6683645918284966 -0.12139366361779574
vn 0.4676053384957993 0.8715098578617148 0.1477017774438845
vn -0.7696254985457254 0.40081316922787885 0.49701649405401793
vn 0.966747798901045 0.23358737603804153 -0.10409433738512122
vn -0.3478991618827554 0.0370997769082696 0.9367976194006009
vn -0.34688817276612705 -0.008499836131020976 0.9378679802513377
vn -0.36089967890445157 0.09839976871916048 0.9273990011223214
vn -0.3002882776845931 -0.012799626145294054 0.9537626118986641
vn -0.4113109407193512 0.06570161919279462 0.9091240879439986
vn -0.37431353029746695 0.08570296039499883 0.923333300393623
vn -0.27031025756601307 0.14070518832497927 0.952436042279495
vn -0.26138615410298366 0.13639261020162038 0.955549231764455
vn -0.2513066130797009 0.027200580368943125 0.9675252527195363
vn -0.29711511923587763 0.13360664588145024 0.9454479732368984
vn -0.2371036597592115 0.055200711373342926 0.9699148086263376
vn -0.1600021451286845 0.014300056971383706 0.9870130809289381
vn -0.3478991618827554 0.0370997769082696 0.9367976194006009
vn -0.34688817276612705 -0.008499836131020976 0.9378679802513377
vn -0.36089967890445157 0.09839976871916048 0.9273990011223214
vn -0.3002882776845931 -0.012799626145294054 0.9537626118986641
vn -0.4113109407193512 0.06570161919279462 0.9091240879439986
vn -0.37431353029746695 0.08570296039499883 0.923333300393623
vn -0.27031025756601307 0.14070518832497927 0.952436042279495
vn -0.26138615410298366 0.13639261020162038 0.955549231764455
vn -0.2513066130797009 0.027200580368943125 0.9675252527195363
vn -0.29711511923587763 0.13360664588145024 0.9454479732368984
vn -0.2371036597592115 0.055200711373342926 0.9699148086263376
vn -0.1600021451286845 0.014300056971383706 0.9870130809289381
vn -0.2771058429477627 -0.1515033015896372 0.9488198466577571
vn -0.17370609075191837 -0.11690420983051295 0.9778341371416676
vn -0.38810075293044727 -0.13140036070837893 0.9122015954713782
vn -0.47041480522004475 -0.07170236058287095 0.879527533688759
vn -0.5156918419809998 0.045099165686392384 0.855586342439286
vn -0.4918224724322049 0.13580606823652025 0.860039166224894
vn -0.4045948077573205 0.2459966989298122 0.8807886611732989
vn -0.2975957709896427 0.2803958541590827 0.9125869394526083
vn -0.19660900809929002 0.2572116360208294 0.9461432620008989
vn -0.12260230633765817 0.2023036490184224 0.9716181904814863
vn -0.06679873678540307 0.090198154586999 0.9936811468841371
vn -0.1006039092207493 -0.03420146209294763 0.9943385306022329
vn -0.2771058429477627 -0.1515033015896372 0.9488198466577571
vn -0.17370609075191837 -0.11690420983051295 0.9778341371416676
vn -0.38810075293044727 -0.13140036070837893 0.9122015954713782
vn -0.47041480522004475 -0.07170236058287095 0.879527533688759
vn -0.5156918419809998 0.045099165686392384 0.855586342439286
vn -0.4918224724322049 0.13580606823652025 0.860039166224894
vn -0.4045948077573205 0.2459966989298122 0.8807886611732989
vn -0.2975957709896427 0.2803958541590827 0.9125869394526083
vn -0.19660900809929002 0.2572116360208294 0.9461432620008989
vn -0.12260230633765817 0.2023036490184224 0.9716181904814863
vn -0.06679873678540307 0.090198154586999 0.9936811468841371
vn -0.1006039092207493 -0.03420146209294763 0.9943385306022329
vn 0.2625949974554035 -0.5295899282876851 0.8065843881254096
vn -0.1450962255366263 -0.754480354099617 0.6400831825729694
vn 0.5386056082948502 -0.6821069940414871 0.4946049407284779
vn 0.442513392817578 -0.16080495164031433 0.882226538200383
vn 0.7609330695979635 -0.2422105646445233 0.6019259970850255
vn 0.492208459819909 0.12800207370269737 0.8610146927953799
vn 0.8134633769068448 0.10159533934630756 0.5726741843792342
vn 0.44338864668329553 0.41688917895528443 0.7934796282591916
vn 0.20871140775001334 0.7414403083142724 0.6377349116065739
vn 0.7709947686897508 0.430496925186923 0.4692967760997748
vn -0.24770629632882393 0.899022645492128 0.36110922676025886
vn 0.5259070948055388 0.8199108889551934 0.2262031427852023
vn -0.6999085750168723 0.6881083451567924 0.19140243452848676
vn -0.5143902691186433 0.7030866989407202 -0.4909905750711422
vn -0.9484759518277768 0.2874926461402292 0.13319664868037032
vn -0.7784186043908009 0.2357056798011822 -0.5818138094336885
vn -0.989052306722433 -0.048997650322310946 0.13919326431234705
vn -0.8154150483878388 -0.12090213657266405 -0.5661103887359983
vn -0.9068062566905023 -0.3620024827718776 0.21600142428686744
vn -0.6268085963504753 -0.675809239087306 0.38780517777020906
vn -0.7565789467495418 -0.4770865842993855 -0.4471875315982094
vn -0.4369901409491824 -0.8914797132860225 -0.11959739759996887
vn 0.07800079968754783 -0.9637097792059851 0.25530244164687194
vn 0.034299990047864395 0.9770995907070309 -0.20999976314955526
vn 0.34739341969604165 0.02109947001179506 0.9374820661309268
vn 0.3655995560875234 0.03539982920956365 0.930098820922024
vn 0.2747934875568001 0.0070997014806675396 0.9614770581949714
vn 0.28649060734148085 -0.03139909331602725 0.9575683938205358
vn 0.32369637543689617 0.09289881969722334 0.9415893297122048
vn 0.2901109001360925 0.10750389913691064 0.9509356325706736
vn 0.30628617813738546 0.09919538638000547 0.9467571242947768
vn 0.30010214135405505 0.08280045805505966 0.950306681498443
vn 0.28680457962293066 -0.011900317383183139 0.9579151922552923
vn 0.26200817783132563 0.06710196308420031 0.9627299939753384
vn 0.289996180717639 0.04009934258833642 0.9561873550163512
vn 0.28121465009050717 -0.01350083089915428 0.9595499195662026
vn 0.34739341969604165 0.02109947001179506 0.9374820661309268
vn 0.3655995560875234 0.03539982920956365 0.930098820922024
vn 0.2747934875568001 0.0070997014806675396 0.9614770581949714
vn 0.28649060734148085 -0.03139909331602725 0.9575683938205358
vn 0.32369637543689617 0.09289881969722334 0.9415893297122048
vn 0.2901109001360925 0.10750389913691064 0.9509356325706736
vn 0.30628617813738546 0.09919538638000547 0.9467571242947768
vn 0.30010214135405505 0.08280045805505966 0.950306681498443
vn 0.28680457962293066 -0.011900317383183139 0.9579151922552923
vn 0.26200817783132563 0.06710196308420031 0.9627299939753384
vn 0.289996180717639 0.04009934258833642 0.9561873550163512
vn 0.28121465009050717 -0.01350083089915428 0.9595499195662026
vn 0.22769994295389523 -0.11430008625587823 0.966999599927886
vn 0.32649951985705244 -0.1377999034519279 0.9350985242966399
vn 0.40139328695566207 -0.12169805979920181 0.9077846723910024
vn 0.4639986906643706 -0.06959991588048363 0.8830974276778183
vn 0.49690951912185405 0.0392006314285924 0.8669165128786551
vn 0.4669899203465132 0.1270971267647984 0.8750809874879525
vn 0.39309916610639467 0.18399947048709292 0.9008980189049849
vn 0.2975154498438433 0.20681057908000428 0.9320482506205399
vn 0.20940683453763712 0.1745055352802269 0.9621312778438753
vn 0.1460043383039331 0.12520358149222968 0.9813290968772653
vn 0.12200172571863793 0.032000315733907526 0.9920138903839021
vn 0.1510994036239147 -0.05999988888437497 0.9866959934844978
vn 0.22769994295389523 -0.11430008625587823 0.966999599927886
vn 0.32649951985705244 -0.1377999034519279 0.9350985242966399
vn 0.40139328695566207 -0.12169805979920181 0.9077846723910024
vn 0.4639986906643706 -0.06959991588048363 0.8830974276778183
vn 0.49690951912185405 0.0392006314285924 0.8669165128786551
vn 0.4669899203465132 0.1270971267647984 0.8750809874879525
vn 0.39309916610639467 0.18399947048709292 0.9008980189049849
vn 0.2975154498438433 0.20681057908000428 0.9320482506205399
vn 0.20940683453763712 0.1745055352802269 0.9621312778438753
vn 0.1460043383039331 0.12520358149222968 0.9813290968772653
vn 0.12200172571863793 0.032000315733907526 0.9920138903839021
vn 0.1510994036239147 -0.05999988888437497 0.9866959934844978
vn -0.15010310986225373 -0.5680118599803915 0.8092166479573293
vn -0.4478039758213619 -0.7137062694866345 0.5386046417680158
vn 0.25531035514039896 -0.7578307423462337 0.6004241738246718
vn -0.36198573390320665 -0.23389087503009412 0.9023643316467101
vn -0.6683969592295849 -0.33439852735919573 0.664396816513028
vn -0.42568331091510986 0.02359895140848783 0.9045644301545192
vn -0.7594189506129433 -0.022400643699312328 0.6502161706784846
vn -0.4293846775314731 0.30608893861463427 0.8496695595106132
vn -0.2505913761139192 0.6971758430177469 0.6716768613923114
vn -0.7705896802843449 0.3031958195518667 0.5605924006312814
vn 0.17370620429597924 0.8879314880060036 0.4259152817128397
vn -0.6190780362801821 0.7214742758705703 0.3101890621097238
vn 0.6470918233377811 0.734890593137161 0.20299750808297543
vn 0.38210702990413775 0.7792143667687162 -0.49680900587556476
vn 0.9171773037928127 0.38619039762162877 0.09819760787409557
vn 0.6658795257427219 0.3405896158505629 -0.6637794594377062
vn 0.9843533480758949 0.045202419299292605 0.17030921120499318
vn 0.8089918966309534 -0.005499865102720099 -0.5877940648469537
vn 0.9409178668893435 -0.2877054418959502 0.1786033215588778
vn 0.7119106429583467 -0.6143091872716713 0.3403049498262583
vn 0.760991345187607 -0.38429552570137515 -0.5226940993310142
vn 0.5254820029216819 -0.8347713019213886 -0.16439445882963066
vn 0.0023000071072986935 -0.9752029457287968 0.22130053006982092
vn -0.13860243719952292 0.9840171337498779 -0.11180181075916047
vn 0.3026931789248919 0.6745847919544896 -0.6732846336402319
vn 0.4364270542683563 0.6695414969226373 -0.6010371121663282
vn 0.6975796721636348 0.4459870334837915 -0.5607835294910177
vn 0.6815238349569386 0.28020984733571425 -0.6760234491803397
vn 0.9623837475117756 0.24869575725682877 -0.10939809343696763
vn 0.7353818312515963 -0.4379890464956666 -0.5170871855063375
vn 0.9729990825507292 -0.18029978349797526 -0.14409987309509562
vn 0.9001243393991237 -0.42811151979551965 0.08060211064024111
vn 0.4551909092418173 0.8897821485482004 0.032999458610037516
vn 0.7341008052177301 -0.18090026131460946 0.6545006518216665
vn 0.2616028840403034 -0.6925076556786264 0.6723072793658335
vn 0.7447820152683302 -0.21889477348085207 0.6303846665930345
vn 0.8281258425518465 -0.3672114390432477 0.4235131024343656
vn 0.7752961626337432 0.6314967692666951 0.011300027040608828
vn 0.7844092028338064 0.5357062961614232 -0.3126035296707985
vn 0.602378965002343 0.7704729917901415 0.2085927885729859
vn 0.28360274842162697 0.8987086134904266 -0.33450307790185485
vn 0.1805955866653521 0.9480766330554362 0.26179368199264264
vn 0.459691334492637 -0.36769291749638444 -0.8083846828183815
vn 0.24679459984946336 0.39169148857833896 -0.8863803942215938
vn 0.25600715846581934 -0.0450013813197629 0.9656268484738657
vn 0.45467923540456 0.07419648001854443 0.8875593925167952
vn 0.626323643952322 -0.18890721195467522 0.7563284724891669
vn 0.6229060243496627 0.4141038466011985 0.6637063274212387
vn 0.058798014578045066 0.6395783941397872 -0.7664739207769897
vn 0.044500021018841894 0.9228003407327098 -0.3826999859849974
vn -0.014800249251655273 0.770712973030965 -0.6370105696327651
vn 0.168602676106688 -0.5139082399592783 0.8411132257381406
vn 0.554692146292055 0.8152883014599179 -0.1661974980091925
vn 0.7552010898974085 -0.2518003920461496 0.605200690996938
vn 0.9712048820955889 0.13160062622903634 0.1986009873334442
vn 0.4893179509933805 0.7311267765019362 -0.4754172688465655
vn 0.059599153649588274 0.7367895479607294 -0.673490239647225
vn 0.005600002260850291 0.913900345079219 -0.4058999867439795
vn 0.2955055222007071 0.5558102064906081 0.7770144790863006
vn 0 0.43618014384424814 0.8998593679659124
vn 0.8169230507130273 0.27710770946922636 0.5058142411661016
vn 0.3061098514371272 0.092102823329328 0.9475303840974738
vn 0.5071065108801384 0.5738072268053103 0.6431082747788054
vn 0.1912892685537459 0.18858926148759422 0.9632458181522185
vn 0.31609807236856297 0.17259880042220482 0.9328942398459188
vn 0.7837422547014785 0.32941765252797894 0.5265283357981777
vn 0.3411158363373771 0.73073392515872 -0.5913272501939868
vn 0.006799812887220231 0.9185746857450051 -0.39518895386025676
vn 0.8629281937662667 -0.38121233940812904 -0.33171084499345144
vn 0.07730267889691253 0.8065280148898152 -0.5861201728598453
vn -0.006799812887220231 0.9185746857450051 -0.39518895386025676
vn -0.23980187122174562 0.3928031082143074 -0.8878067248763826
vn -0.07919905639022838 0.8054903327647396 -0.5872928003044534
vn -0.00039999098079703714 -0.5829866460633988 -0.8124816370349333
vn -0.18219151038276174 0.9478556486757601 0.26148790185762266
vn -0.058798014578045066 0.6395783941397872 -0.7664739207769897
vn -0.05979806056684126 0.7368760783912922 -0.673377930323763
vn -0.005699999364389652 0.9138998177289755 -0.40589978216573486
vn 0.0006000249103740132 -0.5246218436577813 0.8513351638028452
vn 0.17649542614420907 0.9649748507454605 0.1940950848912726
vn 0 -0.1064026072954945 0.994323129149031
vn 0 0.9757450028483206 0.21891023141125915
vn 0.8062020651265293 -0.27660072561126187 0.5230012129785576
vn 0.9379624021663489 -0.3261869025109526 0.11759522419147354
vn 0.931392796500423 -0.19449851106662963 0.3076975590088193
vn -0.9729990825507292 -0.18029978349797526 -0.14409987309509562
vn -0.8281258425518465 -0.3672114390432477 0.4235131024343656
vn -0.9710705172911349 0.13169594669724344 0.19919394587046144
vn -0.9311296286928992 -0.19620625558880228 0.30740969379322625
vn -0.9622001575298986 0.25010002538862075 -0.10779997286664544
vn -0.9377962697136606 -0.3266986836467187 0.11749947495475953
vn -0.7548910999498898 -0.2500970850162725 0.606292730686101
vn -0.8062020651265293 -0.27660072561126187 0.5230012129785576
vn -0.7397908045788212 -0.21579738126796047 0.6372919705272543
vn -0.6260836402947904 -0.18869514292149123 0.756580080621385
vn -0.3026931789248919 0.6745847919544896 -0.6732846336402319
vn -0.044500021018841894 0.9228003407327098 -0.3826999859849974
vn -0.3414100187884104 0.7279213692104937 -0.594617254473512
vn -0.4788003500305784 -0.40620012066567773 -0.778300511873007
vn -0.8510967490318939 -0.40139835230003734 -0.33839870945108047
vn -0.6799706333058175 0.28048794777242797 -0.6774706259286061
vn -0.5557124136820495 0.8151181512434403 -0.16360352316850205
vn -0.7843672786952727 0.327686201447614 0.5266780093121473
vn -0.4535124942597554 0.8907244236650664 0.030600958103152543
vn -0.5081000494879381 0.5725999220806204 0.6434000846624301
vn -0.17790276194312368 0.9647147709841729 0.19410311161329435
vn -0.2582083867361944 -0.04520159301142864 0.9650312145253754
vn -0.18599807664911644 -0.5289945502895 0.8279912325905625
vn -0.016200602301380214 -0.867932130129963 -0.4964185310533214
vn -0.5933120574188868 -0.6751136247802508 -0.43840893713226
vn -0.7266910556112012 -0.4360945107767263 -0.5307934507556457
vn 0.014800249251655273 0.770712973030965 -0.6370105696327651
vn -0.8154247847190271 0.2762082805036679 0.5087154472267729
vn -0.45808150747136167 0.0758968083957706 0.8856641615127602
vn -0.3063966054708847 0.09259883709954199 0.9473893473771655
vn -0.31749436433595624 0.17279678861991588 0.9323832894564077
vn -0.6229009483617746 0.414600495936901 0.6634009626906475
vn -0.1912892685537459 0.18858926148759422 0.9632458181522185
vn -0.2972108346354065 0.5557200723494999 0.7764283102535556
vn -0.6975796721636348 0.4459870334837915 -0.5607835294910177
vn -0.602095001487148 0.7706934174830837 0.2085983351621883
vn -0.7742086948497184 0.6328069541544604 0.012500223712008053
vn -0.28269854048946275 0.8989952947725994 -0.33449812433234183
vn -0.4890125616728339 0.7319187509647834 -0.4745120193549621
vn -0.4364270542683563 0.6695414969226373 -0.6010371121663282
vn -0.898989994881767 -0.4325951251207183 0.06839917268703388
vn -0.7389690553004512 -0.1791925383313183 0.649472685734156
vn -0.7844092028338064 0.5357062961614232 -0.3126035296707985
vn -0.2679884041777474 -0.6712709010991106 0.6910698897823955
vn -0.20239587659660574 0.6785860167554807 0.7060856371578608
vn 0 0.7021390722645634 0.7120398325932744
vn 0.20239587659660574 0.6785860167554807 0.7060856371578608
vn 0.5141992486998508 -0.7656987427585094 -0.38639949272035423
vn -0.2189907091489889 0.0821963643579768 0.9722586214545766
vn 0 0.09099541823555089 0.9958513111203585
vn -0.16099553903042157 0.09499721688813895 0.9823726203410861
vn 0.2189907091489889 0.0821963643579768 0.9722586214545766
vn 0.16099553903042157 0.09499721688813895 0.9823726203410861
vn -0.0027000862181610686 0.5924187639708962 0.8056256684277198
vn -0.21140204933746537 0.6053056652724824 0.7674074700737266
vn -0.01140001478671287 0.6139006163310358 0.7893010027430837
vn 0.17920403850991004 -0.9811219934971579 -0.07270176378810474
vn -0.3108865776902545 -0.7167690040584197 0.6241728371478069
vn 0.5029098987053652 -0.7543146519034216 -0.42200834080380367
vn -0.777289122232073 0.3088955441812535 0.5480922944583885
vn -0.2808934091424218 0.6311849857667879 0.7229829918075028
vn -0.5767121163723078 -0.7786162313721132 -0.24730527506153463
vn -0.8324927412482983 0.20529812633997405 0.5145954868536935
vn 0.2800949962554346 -0.6661881004199812 0.6911875345602562
vn 0.00010000005439350547 0.6295001048060875 0.7770003912798975
vn 0.47630400538346007 -0.8307068147497709 -0.2882025023901817
vn 0.8855871103387029 0.168597456185668 0.4327936780611148
vn 0.33699854094550474 0.6381969774332305 0.6921969383027418
vn -0.702508175038168 -0.6558075110199816 -0.27640327873294085
vn 0.8221027198908569 0.24900072849037214 0.5120017140199036
vn 0.25298709361422195 0.6110686908202273 0.7500617211695864
vn -0.2968060433400125 -0.9520193104656522 -0.07460164299364186
vn 0.9623837475117756 0.24869575725682877 -0.10939809343696763
vn 0.7353818312515963 -0.4379890464956666 -0.5170871855063375
vn 0.7447820152683302 -0.21889477348085207 0.6303846665930345
vn 0.8062020651265293 -0.27660072561126187 0.5230012129785576
vn 0.9379624021663489 -0.3261869025109526 0.11759522419147354
vn 0.931392796500423 -0.19449851106662963 0.3076975590088193
vn -0.9311296286928992 -0.19620625558880228 0.30740969379322625
vn -0.9622001575298986 0.25010002538862075 -0.10779997286664544
vn -0.9377962697136606 -0.3266986836467187 0.11749947495475953
vn -0.8062020651265293 -0.27660072561126187 0.5230012129785576
vn -0.7397908045788212 -0.21579738126796047 0.6372919705272543
vn -0.016200602301380214 -0.867932130129963 -0.4964185310533214
vn -0.7266910556112012 -0.4360945107767263 -0.5307934507556457
vn 0.3503120876745018 -0.6174210912977545 -0.7043242415605346
vn 0.9565466425101947 0.024901251660505667 -0.2905141104459715
vn 0.868408366196148 -0.46080433776243473 -0.18310180725449063
vn 0.792499772457599 -0.17000000906386759 0.5856996735298208
vn 0.8218081555127786 -0.42000404975039957 -0.3850038359886153
vn 0.6745658618750549 -0.6986645543258506 0.23838779021045792
vn 0.8363031727316435 0.2949010004357952 0.4622016910624129
vn 0.8236190581062606 0.355108120056302 0.44221021041382036
vn 0.7591900499092045 0.3500953127498608 0.5486927556560566
vn 0.575311508729015 -0.6329126498357464 0.5181102639417966
vn 0.16710674040688878 -0.9636386956294581 -0.20850851684317645
vn -0.371916767043426 -0.8937402048482694 -0.2508114124790561
vn -0.7659017033393625 -0.4138008133379429 -0.4921010746815338
vn -0.01379986935246063 -0.660393534869593 -0.7507928760372587
vn 0.27120787122128165 0.027500924017739965 -0.9621278448136669
vn 0.40922025812304624 -0.5534271605406603 -0.7254358402488877
vn 0.8936306211071379 -0.27840945510612275 -0.3520120570764343
vn -0.3452017389466381 0.12170071442663119 -0.9306044785709259
vn 0.5322941628997491 0.1083989100494684 -0.839590733895356
vn 0.05909923959610535 -0.5897922103682363 -0.8053896128384773
vn -0.0032998549450212527 -0.2165903205847116 -0.9762570071381582
vn 0.00470019955157286 -0.9234390316114306 -0.3837163835708853
vn 0.1113033039493473 -0.9733287140945152 -0.20060605386946068
vn -0.333103875788913 -0.5170058670107616 -0.7885091891733761
vn 0.49840412526693395 -0.5333042126035517 -0.6835056288987004
vn -0.34030897104684005 0.3160084399076816 -0.8856232100234016
vn 0.38040671510332935 0.8438148702521009 -0.3785065334254143
vn -0.04339940311252602 0.06879917512144973 -0.9966860916618053
vn -0.4980835299275097 -0.5640811785173822 -0.6585781815831686
vn 0.40578795751661534 -0.8850736066677638 0.22799307953227443
vn 0.5138963856728995 -0.8192941331046493 -0.25429830564247197
vn 0.936880289863232 0.21809534174307138 0.2732942450469073
vn 0.9853224937218672 -0.11990270742658378 -0.12150277411440433
vn -0.009699676792319815 0.40408660326951734 -0.9146693027144993
vn -0.09989731822202412 0.006999944932658489 -0.9949731285733235
vn -0.20710833861439576 -0.23270919661842468 -0.9502381627179536
vn 0.8449033432141569 -0.13190057002243313 0.5184019485431145
vn 0.9402535028862907 -0.28138601585194367 -0.19169053287272628
vn 0.9594232002053493 -0.2757066369410942 0.05910138115439942
vn 0.9553147477518328 0.1892028770464887 0.22710350953955674
vn 0.8721311428524299 0.19890702799584295 0.44701595483917067
vn 0.7215654943249667 0.36378246159154415 0.5890717766435286
vn 0.8797123211499421 -0.26110356484239533 -0.39740553650342364
vn 0.9646353134822884 -0.26340959439688255 -0.009700389816767574
vn -0.2719143020747744 -0.9454495389015412 -0.17940953630744305
vn 0.4690096185796745 -0.864717601061777 -0.17970377874077553
vn 0.5166990073678716 0.2790995333468765 -0.8093982865503311
vn 0.8860437222800297 0.26611314595175756 -0.3796186451688167
vn -0.4224121077925378 -0.5221147528476741 -0.7409211807264506
vn 0.34030897104684005 0.3160084399076816 -0.8856232100234016
vn -0.27239616712800535 0.027699737742473442 -0.9617863861913256
vn -0.7899700026173595 0.37618571033552917 -0.4841814807529118
vn -0.38040671510332935 0.8438148702521009 -0.3785065334254143
vn -0.936880289863232 0.21809534174307138 0.2732942450469073
vn -0.40578795751661534 -0.8850736066677638 0.22799307953227443
vn -0.5768641434373751 -0.6318606800933004 0.5176676935721365
vn 0.27419809578048526 -0.9435933871867082 -0.185598825233003
vn -0.16629942241866558 -0.966196527851013 -0.196999420486114
vn -0.8823934456184693 -0.1539988998351813 0.44459661039994336
vn -0.8655288757436393 0.1703055968992214 0.4710156779967644
vn -0.7014894467882495 0.37669421859198376 0.6049909269766699
vn -0.9670408925044048 -0.254610725659976 -0.0023001311233364413
vn -0.8902897546824127 -0.267296845991632 -0.3686957401848508
vn -0.957948031663314 0.17380867013546333 0.22831144259130878
vn -0.8247674331156674 0.35508587590098073 0.4400826081628611
vn -0.792499772457599 -0.17000000906386759 0.5856996735298208
vn -0.9598783347393811 0.015399687276349862 -0.2799936287306252
vn -0.8862075813498944 -0.36940306678486806 -0.2796023909195064
vn -0.9853224937218672 -0.11990270742658378 -0.12150277411440433
vn -0.5166990073678716 0.2790995333468765 -0.8093982865503311
vn -0.49840412526693395 -0.5333042126035517 -0.6835056288987004
vn 0.04339940311252602 0.06879917512144973 -0.9966860916618053
vn 0.333103875788913 -0.5170058670107616 -0.7885091891733761
vn -0.5138963856728995 -0.8192941331046493 -0.25429830564247197
vn -0.1113033039493473 -0.9733287140945152 -0.20060605386946068
vn 0.35640407727323764 0.12590153789876402 -0.9258104214458477
vn 0.7825101237417308 -0.39560498062193855 -0.480806203733705
vn 0.01379986935246063 -0.660393534869593 -0.7507928760372587
vn -0.5322941628997491 0.1083989100494684 -0.839590733895356
vn -0.8912239358179769 -0.27470727049149996 -0.3609097002911183
vn -0.45701235549237523 -0.8673233093876785 -0.19720543582801225
vn 0.3736887620014768 -0.8918730492608393 -0.2547924118885334
vn 0.4980835299275097 -0.5640811785173822 -0.6585781815831686
vn -0.9523955785913876 -0.3009985519554886 0.04839972727479984
vn -0.9255954183132175 -0.29129848278555365 -0.24169881159081974
vn -0.852597798076804 0.3159991130589516 0.4161989371208689
vn -0.7525685990786859 0.36638458961685627 0.5471771524579877
vn -0.3361936021800094 -0.6263879144805073 -0.7032866005022349
vn 0.21040471040585815 -0.2343050936321339 -0.9491211624113456
vn 0.0007000167773979185 0.40430978464630185 -0.9146218388032141
vn 0.09430103696083457 0.00810022165624756 -0.9955107738428707
vn -0.683914234546137 -0.6881142162621542 0.24240491984094112
vn -0.8023749053500364 -0.43568623720215377 -0.4078872564534821
vn 0.5578873776458981 0.02359935243224435 0.829581065615749
vn 0.38348781634246026 -0.011799748397318522 0.9234705521318215
vn 0.673627513490054 0.04450171106239977 0.7377300121194242
vn -0.4469162813043989 0.00880019918171613 0.8945325002477046
vn -0.5541963983813117 0.028599698200855794 0.8318944700405227
vn -0.6571058151733398 0.04740030833879682 0.7523065588141362
vn -0.3847981737980123 -0.05769984323620852 0.9211954697740495
vn -0.35579391553091744 -0.04279939027238736 0.9335839018875006
vn -0.4742117239198848 0.05610125987085716 0.8786215849487385
vn -0.4416110332948702 0.012300184962307443 0.8971222886107165
vn -0.45073005246411113 -0.0013002064250829009 0.8926593579126093
vn -0.4424806623195641 -0.08989618362337368 0.8922609145553742
vn -0.36248272598786513 0.0810959985234669 0.9284555521853958
vn 0.3637073685896311 -0.07210157344671358 0.9287186404612081
vn 0.2805016055861259 -0.09230064561509987 0.9554053799736745
vn 0.3826109848866436 -0.018400649139898227 0.9237262854088882
vn 0.331719114292759 -0.08030474871138697 0.9399540289541977
vn 0.3396160379713591 -0.028101448801423307 0.9401442736771295
vn 0.3361059802715984 0.03650051666464569 0.941116614617382
vn 0.33881521936006376 0.031001260032904047 0.9403420489408968
vn 0 0.43618014384424814 0.8998593679659124
vn 0.3061098514371272 0.092102823329328 0.9475303840974738
vn 0.5071065108801384 0.5738072268053103 0.6431082747788054
vn 0.1912892685537459 0.18858926148759422 0.9632458181522185
vn 0.31609807236856297 0.17259880042220482 0.9328942398459188
vn -0.5081000494879381 0.5725999220806204 0.6434000846624301
vn -0.3063966054708847 0.09259883709954199 0.9473893473771655
vn -0.31749436433595624 0.17279678861991588 0.9323832894564077
vn -0.1912892685537459 0.18858926148759422 0.9632458181522185
vn -0.20239587659660574 0.6785860167554807 0.7060856371578608
vn 0 0.7021390722645634 0.7120398325932744
vn 0.20239587659660574 0.6785860167554807 0.7060856371578608
vn -0.2189907091489889 0.0821963643579768 0.9722586214545766
vn 0 0.09099541823555089 0.9958513111203585
vn -0.16099553903042157 0.09499721688813895 0.9823726203410861
vn 0.2189907091489889 0.0821963643579768 0.9722586214545766
vn 0.16099553903042157 0.09499721688813895 0.9823726203410861
vn 0.7353818312515963 -0.4379890464956666 -0.5170871855063375
vn -0.016200602301380214 -0.867932130129963 -0.4964185310533214
vn -0.5933120574188868 -0.6751136247802508 -0.43840893713226
vn -0.7266910556112012 -0.4360945107767263 -0.5307934507556457
vn 0.5141992486998508 -0.7656987427585094 -0.38639949272035423
vn 0.868408366196148 -0.46080433776243473 -0.18310180725449063
vn 0.27120787122128165 0.027500924017739965 -0.9621278448136669
vn 0.8860437222800297 0.26611314595175756 -0.3796186451688167
vn -0.27239616712800535 0.027699737742473442 -0.9617863861913256
vn -0.7899700026173595 0.37618571033552917 -0.4841814807529118
vn -0.8862075813498944 -0.36940306678486806 -0.2796023909195064
vn 0.9623837475117756 0.24869575725682877 -0.10939809343696763
vn 0.2616028840403034 -0.6925076556786264 0.6723072793658335
vn 0.7447820152683302 -0.21889477348085207 0.6303846665930345
vn 0.168602676106688 -0.5139082399592783 0.8411132257381406
vn 0.0006000249103740132 -0.5246218436577813 0.8513351638028452
vn 0.931392796500423 -0.19449851106662963 0.3076975590088193
vn -0.9311296286928992 -0.19620625558880228 0.30740969379322625
vn -0.9622001575298986 0.25010002538862075 -0.10779997286664544
vn -0.7397908045788212 -0.21579738126796047 0.6372919705272543
vn -0.18599807664911644 -0.5289945502895 0.8279912325905625
vn -0.2679884041777474 -0.6712709010991106 0.6910698897823955
vn -0.0027000862181610686 0.5924187639708962 0.8056256684277198
vn -0.21140204933746537 0.6053056652724824 0.7674074700737266
vn -0.777289122232073 0.3088955441812535 0.5480922944583885
vn -0.5767121163723078 -0.7786162313721132 -0.24730527506153463
vn 0.47630400538346007 -0.8307068147497709 -0.2882025023901817
vn 0.8221027198908569 0.24900072849037214 0.5120017140199036
vn 0.25298709361422195 0.6110686908202273 0.7500617211695864
vn 0.3503120876745018 -0.6174210912977545 -0.7043242415605346
vn 0.792499772457599 -0.17000000906386759 0.5856996735298208
vn 0.8218081555127786 -0.42000404975039957 -0.3850038359886153
vn 0.6745658618750549 -0.6986645543258506 0.23838779021045792
vn 0.8236190581062606 0.355108120056302 0.44221021041382036
vn 0.7591900499092045 0.3500953127498608 0.5486927556560566
vn 0.16710674040688878 -0.9636386956294581 -0.20850851684317645
vn 0.00470019955157286 -0.9234390316114306 -0.3837163835708853
vn -0.009699676792319815 0.40408660326951734 -0.9146693027144993
vn -0.09989731822202412 0.006999944932658489 -0.9949731285733235
vn -0.20710833861439576 -0.23270919661842468 -0.9502381627179536
vn 0.9594232002053493 -0.2757066369410942 0.05910138115439942
vn 0.8721311428524299 0.19890702799584295 0.44701595483917067
vn 0.7215654943249667 0.36378246159154415 0.5890717766435286
vn 0.9646353134822884 -0.26340959439688255 -0.009700389816767574
vn -0.16629942241866558 -0.966196527851013 -0.196999420486114
vn -0.8655288757436393 0.1703055968992214 0.4710156779967644
vn -0.7014894467882495 0.37669421859198376 0.6049909269766699
vn -0.9670408925044048 -0.254610725659976 -0.0023001311233364413
vn -0.8247674331156674 0.35508587590098073 0.4400826081628611
vn -0.792499772457599 -0.17000000906386759 0.5856996735298208
vn -0.9523955785913876 -0.3009985519554886 0.04839972727479984
vn -0.7525685990786859 0.36638458961685627 0.5471771524579877
vn -0.3361936021800094 -0.6263879144805073 -0.7032866005022349
vn 0.21040471040585815 -0.2343050936321339 -0.9491211624113456
vn 0.0007000167773979185 0.40430978464630185 -0.9146218388032141
vn 0.09430103696083457 0.00810022165624756 -0.9955107738428707
vn -0.683914234546137 -0.6881142162621542 0.24240491984094112
vn -0.8023749053500364 -0.43568623720215377 -0.4078872564534821
vn 0.26599578627427806 0.9616846701712256 0.06639907259886652
vn 0.9563680541735584 -0.14279525372081908 0.25489146802333035
vn 0.9390355587041151 0.1971074047468932 0.2817106502835746
vn -0.9533360726432332 -0.11890452408087444 0.2775104443985428
vn -0.25880816074146645 0.9639303227673829 0.06210208356559645
vn -0.9305374344179151 0.2207088154724312 0.2922117415842161
vn 0.3931114286005112 0.911226370231078 0.12300368652670385
vn 0.7746208571012468 0.5646150352993193 0.28490768620323015
vn 0.9208697275130651 0.17559415887358362 0.3480885466652014
vn 0.9352468665696418 -0.22488723851091222 0.273384397006491
vn 0.7656058044517791 -0.596904452895691 0.239901701334192
vn 0.2515009128249643 -0.928203218153065 0.27420079623973287
vn -0.5142164376008825 -0.7523240478647609 0.4118130429034984
vn -0.4192257524572063 0.8988550759387826 0.12770795173275043
vn -0.808602418208903 0.5196014333888281 0.27600086899680115
vn -0.9378569584065775 0.146493221787103 0.3145855393033786
vn -0.9248076849960685 -0.2079017498881005 0.3186025865646392
vn -0.7396935645354962 -0.6045947112415592 0.2954973193169563
vn -0.2536001415552192 -0.9479003915460323 0.19279993752605637
vn 0.4914832759100149 -0.8160721546114048 0.3040895065086256
vn -0.6953742958334663 0.1866931664711825 -0.6939742432447145
vn 0.292204658002787 0.5747092206855595 -0.7644120286209991
vn 0.10939722384800091 0.035199236479192854 -0.9933746831712758
vn -0.07789758065608098 -0.2299929574820218 0.9700696915359238
vn -0.5546048308960474 -0.7605065987458892 0.33770282025876847
vn -0.4290942647036787 -0.8855880363860982 0.1777974741334201
vn -0.3467003921101057 -0.8617008806296763 0.37050024349889293
vn -0.13740498186731087 -0.24500897016212886 0.959734585965379
vn 0 -0.28100220873615755 0.9597071213059748
vn 0 -0.9339910418934011 0.3572964226841338
vn -0.6179833102281767 -0.6784816974943022 0.397189141901784
vn -0.5850337843430014 -0.7742446865815458 0.24141382826497482
vn 0 -0.9548511444531783 0.2970846544950706
vn 0.00279992616550018 -0.9538747234652936 0.3001918925412171
vn -0.41191216454578644 -0.8674255299471214 0.27910807708692437
vn 0.12440226072838188 -0.13850263667604093 0.9825177337633414
vn -0.7687643758672343 0.28468668833754085 0.5726734007100955
vn 0.0952034599192972 0.5159185919203253 0.8513309037796898
vn -0.5990739585470534 0.05969729040497145 0.7984651687513161
vn -0.31780130612161306 -0.17320082005648046 0.9322037361860118
vn -0.13430110012321098 -0.42640358554472313 0.8945072368294732
vn 0.09229771237845152 0.7011824826709513 0.7069825021067393
vn -0.07359940264771586 0.8639927676659611 0.4980960001353273
vn -0.6707831164092131 0.6687830687903312 0.3205919799990812
vn -0.5225770920136626 -0.8071646068656875 0.2745878371776585
vn -0.39730510002638064 -0.5640072848395923 0.7239091380421291
vn -0.09370403056418153 -0.9785420075943999 0.183507749234599
vn -0.9220160297941592 -0.2725047487880469 0.2750047321239756
vn -0.974782610764671 -0.1296976409701941 -0.18159676119793158
vn -0.6280848771735573 -0.705082917154575 -0.3291921429844158
vn -0.7189910549885709 -0.6671916408587664 -0.19469765590424756
vn -0.3127928574805596 -0.17329614753049682 0.9338785111352732
vn -0.4953002256450931 0.12959992881436108 0.8590003171869217
vn -0.2428027033187424 0.6257067886979958 0.7413082097470338
vn -0.7761003039441478 0.4727001046949749 0.4174002027301391
vn -0.006899718389640539 -0.9944593066556175 0.10489557327252662
vn -0.060297566451806596 -0.35118567191239386 -0.9343622570092557
vn -0.8997204367782956 -0.23420524119150643 -0.36830834994865536
vn -0.7680234459784586 0.0016999657018274058 0.6404194692105998
vn -0.7663222820842627 -0.6182178602904271 -0.17480514065408417
vn -0.710390999003113 0.1765976473407026 0.6812913469941387
vn -0.9614773483772424 -0.15619634212026892 0.22619463138128348
vn -0.8748030387189578 0.07330017337424637 0.4789015849121644
vn -0.9998122478424494 -0.013900169152036767 0.013500161546194715
vn -0.9713570512289281 -0.1756921860247631 -0.15999292108615862
vn -0.8263233882182468 0.009500191644108865 0.5631158002065313
vn 0.826574516061164 0.007099704251376634 0.5627825189163177
vn 0.7693424128038685 0.28441554363830324 0.5720315117177114
vn 0.9647304390657808 -0.20190633269157354 -0.16890533668000413
vn 0.9998183318872784 -0.01520027832867046 0.011500206992535043
vn 0.9740222894730817 -0.12800289413603272 -0.18680427913304323
vn 0.9044404370624493 -0.23351037898454047 -0.3570159642267862
vn -0.10509798406367767 0.0367994221392775 -0.9937807687191206
vn 0.7041262254517742 0.19020715790435605 -0.684125350877297
vn 0.9577647575031271 -0.17139370700294795 0.23089146039809194
vn 0.7074214394026499 0.17680523585257044 0.6843206964929529
vn 0.8748030387189578 0.07330017337424637 0.4789015849121644
vn 0.7659636271913969 -0.6208704354790425 -0.1667921585922519
vn 0.4827843621966093 0.1290956753998887 0.8661717879332367
vn 0.7593176112814101 0.0025999726493423246 0.6507149954781403
vn 0.06499787654120646 -0.3521883482676089 -0.9336694508174013
vn 0.136303619964395 -0.5669151360922865 0.8124214126018997
vn -0.252797403568234 -0.8221915819813844 0.5099945835674216
vn 0.16530309096367093 -0.8375155554039261 0.5208095453947725
vn 0.4219119802858897 -0.8645244562774062 0.27310757109515355
vn 0.3409058218934342 -0.7964134516011688 -0.49950859322725866
vn -0.33940256682261355 -0.8025058913117648 -0.49070377219268574
vn 0.3326106710698073 -0.9091290205835759 -0.25070812795607655
vn -0.3256965967700772 -0.9111902837938457 -0.25229743076789485
vn 0.7811803988935649 0.4769879163979674 0.4027899104928229
vn 0.30371126593253533 -0.17510660055492624 0.9365346471902436
vn 0.23619576827518726 0.6258885679278859 0.7432866604386723
vn 0.7241054460869439 -0.6651048974015573 -0.1825014476646461
vn 0.6218879592516441 -0.69368644409951 -0.3633930150820224
vn -0.04770100462331815 -0.9920207579443131 0.11670231345400621
vn 0.3484016915188016 -0.8920042364620409 0.28800122131791306
vn 0.9285043419933201 -0.28510134599704634 0.23790104961984562
vn 0.34798909406172385 -0.5843816700690548 0.7330768405163288
vn 0.7230305716213203 0.6293265225986812 0.28491212760217577
vn 0.06770193776669048 0.8634245961066548 0.49991440713455654
vn -0.05200067535926303 0.6101076947200003 0.7906102267271956
vn -0.13790169661781967 0.5013059400540204 0.8542104404281663
vn -0.08740358477178721 -0.13310557446965066 0.9872403554424551
vn 0.12900023625808954 -0.3882008295160314 0.912501536989622
vn 0.2862156734417873 -0.23281285882843966 0.9294507846251965
vn 0.6184965881501399 0.08389941845180975 0.7812956278068403
vn 0.5842280149630122 -0.7857375439535521 0.20320959267273256
vn 0.42050777967719943 -0.890816341587017 0.17210302958540546
vn 0.33278687720584155 -0.8699656544903237 0.36388549623034816
vn 0.5783983690273565 -0.7359978918027307 0.3517988487309612
vn 0.5143913668688881 -0.8059864016689052 0.2928949334071306
vn 0.12059357252932706 -0.2562864383350284 0.959048722323407
vn 0.12649854069112146 -0.24829723140700544 0.9603887775680391
vn -0.28931004336203153 0.5760200379219493 -0.7645263989701437
vn 0.4496040529752856 -0.823407381433921 0.3462029458978214
vn 0.36019420462836643 -0.9271850375258495 0.10289820766333921
vn 0.5569016732208447 -0.8304023788738808 -0.0171001615320767
vn -0.08919732481606231 -0.43608700144736057 0.8954730394681393
vn 0.45959670043908285 -0.7057949048548701 0.5390959332311949
vn -0.23840663105026547 -0.514114372345804 0.8239227454189758
vn 0.060799270505109596 -0.4569945552311536 0.8873891058578118
vn 0.2518096558369532 -0.4580176338468998 0.8525325473625991
vn -0.43510328165449225 -0.6403048237985549 0.6330046341961432
vn 0.40448243089255437 0.08739607083623288 0.9103603077362492
vn 0 0.29279252968463026 0.9561759955995941
vn -0.017100068173118897 0.14280042107816987 0.9896037729355988
vn -0.06190030001746951 0.8259038186728155 0.5604027437115277
vn 0.787415046111536 0.5123097789153559 -0.34280641123652655
vn 0.5576098052733994 0.8290144760627404 -0.04250062989393935
vn 0.42399476226049043 0.8952888090601928 -0.13669817097259115
vn -0.004800185157483171 0.9981382922988256 -0.060802201187440966
vn -0.4071013713536058 0.9048029581806483 -0.12490028146309962
vn -0.5799039126242256 0.8088053272883098 -0.09770053568514664
vn -0.804016229551883 0.4926098948729315 -0.3330065976680538
vn -0.7913908202095956 0.5326937402596834 0.2998965634616919
vn -0.35570464310715105 0.8925115432037204 0.2773037181866262
vn 0.001300054799492518 0.947039790647495 0.32111360106334175
vn 0.352212443052766 0.8938314452657237 0.27750989606316684
vn -0.5085792854546903 -0.8212665068945793 0.25858931737326774
vn -0.1930019676536903 -0.9411094604375759 0.2776026367970922
vn -0.26969207415313795 -0.5386841861950203 0.7981763794315058
vn 0.0008999923159612431 -0.9481918138144237 0.3176971423055994
vn 0.19019993322224799 -0.9409995260816126 0.27989976298030866
vn 0.26770076200204523 -0.5386016135080476 0.7989021241366503
vn 0.972220341580048 -0.04180089969891493 0.23030478111045813
vn 0.9333796773109658 0.28199381826208797 0.22199519013898877
vn 0.5577105865053567 -0.043100925340054864 0.8289156844545058
vn 0.7592151996218115 0.596211813540462 0.26100527591986783
vn 0.9770480726536886 0.0019001219426824014 -0.21301045340620098
vn 0.7902958831715627 -0.6021967499455838 -0.1130994756710029
vn 0.8466925316081169 -0.4513959792083323 0.2816974030295428
vn -0.8432814609647274 -0.4707896533026998 0.25929419572431345
vn -0.8029021073398003 -0.5959014745346762 0.01579995812357212
vn -0.9943634043909421 0.01609939262190156 0.1047961333507201
vn -0.9723852964367249 -0.04749924378750412 -0.2284965144444829
vn -0.5874051816572965 0.011799993312991655 0.8092069653184973
vn 0.2530053445617761 0.5175107499894799 0.8174172247197286
vn -0.2704848766339538 0.5123711427324589 0.8150544421125188
vn -0.37232070576059045 0.09860534586331089 0.9228511677562707
vn -0.9652502731374986 0.2355878084676589 0.11309418512633719
vn 0.5301944959019443 -0.787391709984165 0.31449656844470675
vn 0.45531119734318315 -0.059801580659118336 0.8883217235464795
vn 0.45489778662091 0.270098550919572 0.8485957674408611
vn 0.8822614731542473 0.3022867114392489 0.36088424331763463
vn -0.012100374426752674 -0.9868304028446081 -0.16130510518976435
vn 0.6445942477782849 -0.3732967197615011 0.6671939858440351
vn 0.49499325954526796 -0.8215887647649364 0.2827959946971967
vn 0.7441612487760444 0.279385328653142 0.606768385756422
vn 0.6021044976012981 -0.3559026678455572 0.714705159480959
vn 0.8739947752117829 0.0060998970932169055 0.4858970304066048
vn 0.5813258767134011 0.5257232271744243 0.6210276269802368
vn 0.48640252423360714 0.8708043784260769 0.07150048204836716
vn 0.7895846208627463 0.03419924966221803 0.6126879612164533
vn 0.5072946254457953 0.7700917068267642 -0.38679571619971603
vn 0.5794785473846666 -0.8099698204259947 -0.09029675032933587
vn -0.0086000916046202 -0.8997095027946305 0.43640445575799436
vn 0.8576633920782264 -0.10829543393903655 0.5026784308848218
vn 0.7069160657132434 -0.56671280265298 0.42320949344941905
vn 0.8652861198146757 -0.49429200309812926 -0.0833987201898307
vn 0.6243321839365406 -0.756938924004052 0.19300981692291636
vn 0.6885633185281356 -0.6735640400175087 -0.26868576511012454
vn 0.9238862960886373 -0.20409699007263785 0.3236951197390974
vn 0.48879483327544176 -0.8252911935564212 0.2827968472268581
vn 0.6811922185900694 -0.1955978234596343 0.705491780809807
vn 0.0010000085453558873 -0.013500248069594496 0.9999083674442218
vn -0.0327018536874372 -0.8859500685064393 -0.46262626911886573
vn -0.2033018449252147 -0.5758052352413601 0.7919069963819274
vn -0.04829834922672637 -0.6503775811604079 -0.7580740540250077
vn -0.8556141992340177 0.002399970099279864 0.5176085221599943
vn -0.862965899367005 -0.4996801791307829 -0.07489709682974886
vn -0.4895774833357266 -0.8247619922878031 0.28298682635082195
vn -0.5884087441178345 -0.8019118172994859 -0.10350162859157547
vn 0.0348012527089944 -0.8860316738545219 -0.46231671583065126
vn 0.05110053485514638 -0.6507065723031764 -0.7576078748923938
vn -0.8580166887903063 -0.10720213833749682 0.5023097284476845
vn -0.9238862960886373 -0.20409699007263785 0.3236951197390974
vn -0.6858143095803966 -0.19410412741718458 0.7014145140317366
vn -0.4894047509071928 0.868808278178693 0.07520083482012038
vn -0.503478654549181 0.7696672612912699 -0.3925831775684518
vn -0.7932428673798997 0.03440177359475683 0.6079327852028132
vn -0.35069337495850816 -0.93108233565424 0.10049796511798705
vn -0.5605914764220952 -0.8276873813325272 -0.02589971709881904
vn -0.6785014486792414 -0.6831013096051203 -0.27020063833370217
vn -0.8882412997893859 0.2710125206553166 0.3709172508747922
vn -0.5729770069849096 -0.33768648010075836 0.7467698377838884
vn -0.578401565912046 0.5210012386343905 0.6277016312643482
vn -0.7331043378386227 0.2744015030872452 0.6223036597559546
vn -0.4411962785264287 -0.8188930434082419 0.3670967546465338
vn -0.5291024150924206 -0.7609034691126095 0.3756015775203348
vn -0.6230814321566269 -0.7540774890166231 0.20769369143050875
vn -0.45909597102119026 0.2657975045827366 0.8476925008219082
vn -0.47330198313589816 -0.04590030390837436 0.8797035835216003
vn -0.6034009207537875 -0.3453005656620826 0.7188009795394878
vn -0.688490604387321 -0.5345927091226574 0.4900931778991412
vn 0.17920403850991004 -0.9811219934971579 -0.07270176378810474
vn -0.5767121163723078 -0.7786162313721132 -0.24730527506153463
vn 0.47630400538346007 -0.8307068147497709 -0.2882025023901817
vn -0.2968060433400125 -0.9520193104656522 -0.07460164299364186
vn -0.5225770920136626 -0.8071646068656875 0.2745878371776585
vn -0.252797403568234 -0.8221915819813844 0.5099945835674216
vn 0.16530309096367093 -0.8375155554039261 0.5208095453947725
vn 0.3484016915188016 -0.8920042364620409 0.28800122131791306
usemtl MarioAtlas
f 1/1/1 2/2/2 3/3/3
f 4/4/4 5/5/5 6/6/6
f 5/7/5 7/8/7 6/9/6
f 3/10/3 8/11/8 9/12/9
f 8/13/8 10/14/10 9/15/9
f 11/16/11 12/17/12 13/18/13
f 12/19/12 14/20/14 13/21/13
f 15/22/15 16/23/16 17/24/17
f 16/25/16 18/26/18 17/27/17
f 19/28/19 20/29/20 21/30/21
f 20/31/20 22/32/22 21/33/21
f 1/34/1 23/35/23 2/36/2
f 23/37/23 24/38/24 2/39/2
f 25/40/25 26/41/26 27/42/27
f 26/43/26 28/44/28 27/45/27
f 29/46/29 30/47/30 31/48/31
f 30/49/30 32/50/32 31/51/31
f 33/52/33 34/53/34 35/54/35
f 34/55/34 36/56/36 35/57/35
f 33/58/33 31/59/31 34/60/34
f 31/61/31 32/62/32 34/63/34
f 35/64/35 36/65/36 3/66/3
f 36/67/36 8/68/8 3/69/3
f 37/70/37 38/71/38 39/72/39
f 38/73/38 40/74/40 39/75/39
f 29/76/29 27/77/27 30/78/30
f 27/79/27 28/80/28 30/81/30
f 9/82/9 10/83/10 41/84/41
f 10/85/10 42/86/42 41/87/41
f 43/88/43 44/89/44 20/90/20
f 44/91/44 22/92/22 20/93/20
f 5/94/5 4/95/4 45/96/45
f 4/97/4 46/98/46 45/99/45
f 47/100/47 48/101/48 49/102/49
f 48/103/48 50/104/50 49/105/49
f 51/106/51 52/107/52 53/108/53
f 52/109/52 54/110/54 53/111/53
f 19/112/19 21/113/21 12/114/12
f 21/115/21 14/116/14 12/117/12
f 39/118/39 40/119/40 46/120/46
f 40/121/40 45/122/45 46/123/46
f 8/124/8 36/125/36 22/126/22
f 6/127/6 7/128/7 18/129/18
f 7/130/7 17/131/17 18/132/18
f 16/133/16 15/134/15 25/135/25
f 15/136/15 26/137/26 25/138/25
f 41/139/41 42/140/42 1/141/1
f 42/142/42 23/143/23 1/144/1
f 2/145/2 24/146/24 43/147/43
f 24/148/24 44/149/44 43/150/43
f 49/151/49 50/152/50 54/153/54
f 50/154/50 53/155/53 54/156/54
f 55/157/55 56/158/56 51/159/51
f 56/160/56 52/161/52 51/162/51
f 11/163/11 13/164/13 47/165/47
f 13/166/13 48/167/48 47/168/47
f 56/169/56 55/170/55 37/171/37
f 55/172/55 38/173/38 37/174/37
f 56/175/56 33/176/33 52/177/52
f 52/178/52 33/179/33 54/180/54
f 33/181/33 35/182/35 54/183/54
f 39/184/39 33/185/33 37/186/37
f 18/187/18 16/188/16 6/189/6
f 16/190/16 31/191/31 6/192/6
f 31/193/31 33/194/33 6/195/6
f 37/196/37 33/197/33 56/198/56
f 46/199/46 4/200/4 33/201/33
f 39/202/39 46/203/46 33/204/33
f 4/205/4 6/206/6 33/207/33
f 47/208/47 35/209/35 11/210/11
f 19/211/19 35/212/35 20/213/20
f 49/214/49 35/215/35 47/216/47
f 54/217/54 35/218/35 49/219/49
f 11/220/11 35/221/35 12/222/12
f 3/223/3 20/224/20 35/225/35
f 12/226/12 35/227/35 19/228/19
f 14/229/14 21/230/21 13/231/13
f 29/232/29 31/233/31 27/234/27
f 27/235/27 31/236/31 25/237/25
f 25/238/25 31/239/31 16/240/16
f 9/241/9 41/242/41 3/243/3
f 41/244/41 1/245/1 3/246/3
f 43/247/43 20/248/20 2/249/2
f 20/250/20 3/251/3 2/252/2
f 17/253/17 7/254/7 32/255/32
f 21/256/21 22/257/22 13/258/13
f 30/259/30 28/260/28 32/261/32
f 34/262/34 32/263/32 7/264/7
f 22/265/22 36/266/36 13/267/13
f 7/268/7 40/269/40 34/270/34
f 26/271/26 15/272/15 28/273/28
f 15/274/15 17/275/17 28/276/28
f 10/277/10 8/278/8 42/279/42
f 44/280/44 42/281/42 8/282/8
f 24/283/24 42/284/42 44/285/44
f 23/286/23 42/287/42 24/288/24
f 44/289/44 8/290/8 22/291/22
f 17/292/17 32/293/32 28/294/28
f 5/295/5 40/296/40 7/297/7
f 45/298/45 40/299/40 5/300/5
f 57/301/57 58/302/58 59/303/59
f 60/304/60 61/305/61 62/306/62
f 63/307/63 62/308/62 61/309/61
f 64/310/64 65/311/65 66/312/66
f 67/313/67 58/314/58 57/315/57
f 68/316/68 69/317/69 66/318/66
f 59/319/59 70/320/70 71/321/71
f 72/322/72 73/323/73 74/324/74
f 75/325/75 76/326/76 77/327/77
f 69/328/69 68/329/68 78/330/78
f 67/331/67 75/332/75 58/333/58
f 62/334/62 78/335/78 60/336/60
f 57/337/57 59/338/59 79/339/79
f 73/340/73 65/341/65 80/342/80
f 70/343/70 72/344/72 74/345/74
f 76/346/76 63/347/63 81/348/81
f 66/349/66 65/350/65 68/351/68
f 59/352/59 77/353/77 70/354/70
f 70/355/70 81/356/81 72/357/72
f 81/358/81 61/359/61 72/360/72
f 61/361/61 60/362/60 72/363/72
f 60/364/60 82/365/82 73/366/73
f 73/367/73 82/368/82 65/369/65
f 79/370/79 59/371/59 71/372/71
f 80/373/80 74/374/74 73/375/73
f 81/376/81 77/377/77 76/378/76
f 82/379/82 78/380/78 68/381/68
f 77/382/77 58/383/58 75/384/75
f 82/385/82 60/386/60 78/387/78
f 64/388/64 80/389/80 65/390/65
f 72/391/72 60/392/60 73/393/73
f 77/394/77 81/395/81 70/396/70
f 71/397/71 70/398/70 74/399/74
f 61/400/61 81/401/81 63/402/63
f 58/403/58 77/404/77 59/405/59
f 68/406/68 65/407/65 82/408/82
f 83/409/83 84/410/84 85/411/85
f 86/412/86 87/413/87 88/414/88
f 89/415/89 90/416/90 91/417/91
f 92/418/92 93/419/93 83/420/83
f 94/421/94 95/422/95 85/423/85
f 96/424/96 97/425/97 84/426/84
f 98/427/98 91/428/91 99/429/99
f 90/430/90 100/431/100 88/432/88
f 83/433/83 101/434/101 92/435/92
f 87/436/87 91/437/91 90/438/90
f 88/439/88 87/440/87 90/441/90
f 94/442/94 86/443/86 88/444/88
f 85/445/85 86/446/86 94/447/94
f 84/448/84 86/449/86 85/450/85
f 93/451/93 84/452/84 83/453/83
f 102/454/102 89/455/89 91/456/91
f 103/457/103 85/458/85 95/459/95
f 84/460/84 97/461/97 86/462/86
f 87/463/87 99/464/99 91/465/91
f 104/466/104 105/467/105 93/468/93
f 106/469/106 88/470/88 100/471/100
f 107/472/107 92/473/92 101/474/101
f 108/475/108 100/476/100 89/477/89
f 101/478/101 83/479/83 103/480/103
f 86/481/86 97/482/97 87/483/87
f 93/484/93 96/485/96 84/486/84
f 89/487/89 102/488/102 108/489/108
f 107/490/107 104/491/104 92/492/92
f 98/493/98 102/494/102 91/495/91
f 95/496/95 94/497/94 106/498/106
f 90/499/90 89/500/89 100/501/100
f 104/502/104 93/503/93 92/504/92
f 85/505/85 103/506/103 83/507/83
f 88/508/88 106/509/106 94/510/94
f 105/511/105 96/512/96 93/513/93
f 99/514/99 87/515/87 97/516/97
f 109/517/109 110/518/110 111/519/111
f 112/520/112 111/521/111 110/522/110
f 113/523/113 111/524/111 112/525/112
f 114/526/114 113/527/113 112/528/112
f 115/529/115 114/530/114 112/531/112
f 116/532/116 115/533/115 112/534/112
f 117/535/117 116/536/116 112/537/112
f 118/538/118 116/539/116 117/540/117
f 119/541/119 118/542/118 117/543/117
f 120/544/120 119/545/119 117/546/117
f 124/547/124 133/548/133 134/549/134
f 124/550/124 135/551/135 133/552/133
f 122/553/122 136/554/136 135/555/135
f 121/556/121 137/557/137 136/558/136
f 125/559/125 138/560/138 137/561/137
f 126/562/126 139/563/139 138/564/138
f 127/565/127 140/566/140 139/567/139
f 127/568/127 141/569/141 140/570/140
f 128/571/128 142/572/142 141/573/141
f 130/574/130 143/575/143 142/576/142
f 132/577/132 144/578/144 143/579/143
f 129/580/129 134/581/134 144/582/144
f 132/583/132 129/584/129 144/585/144
f 131/586/131 132/587/132 143/588/143
f 131/589/131 143/590/143 130/591/130
f 130/592/130 142/593/142 128/594/128
f 128/595/128 141/596/141 127/597/127
f 126/598/126 127/599/127 139/600/139
f 125/601/125 126/602/126 138/603/138
f 123/604/123 125/605/125 137/606/137
f 123/607/123 137/608/137 121/609/121
f 121/610/121 136/611/136 122/612/122
f 122/613/122 135/614/135 124/615/124
f 129/616/129 124/617/124 134/618/134
f 157/619/157 158/620/158 159/621/159
f 160/622/160 157/623/157 161/624/161
f 162/625/162 160/626/160 163/627/163
f 164/628/164 162/629/162 163/630/163
f 165/631/165 164/632/164 166/633/166
f 167/634/167 165/635/165 168/636/168
f 169/637/169 167/638/167 170/639/170
f 171/640/171 169/641/169 172/642/172
f 173/643/173 171/644/171 174/645/174
f 175/646/175 173/647/173 174/648/174
f 176/649/176 175/650/175 177/651/177
f 158/652/158 176/653/176 178/654/178
f 179/655/179 159/656/159 158/657/158
f 145/658/145 158/659/158 157/660/157
f 145/661/145 176/662/176 158/663/158
f 147/664/147 175/665/175 176/666/176
f 148/667/148 173/668/173 175/669/175
f 150/670/150 171/671/171 173/672/173
f 151/673/151 169/674/169 171/675/171
f 152/676/152 167/677/167 169/678/169
f 152/679/152 165/680/165 167/681/167
f 153/682/153 164/683/164 165/684/165
f 154/685/154 162/686/162 164/687/164
f 156/688/156 160/689/160 162/690/162
f 146/691/146 157/692/157 160/693/160
f 156/694/156 146/695/146 160/696/160
f 155/697/155 156/698/156 162/699/162
f 155/700/155 162/701/162 154/702/154
f 154/703/154 164/704/164 153/705/153
f 153/706/153 165/707/165 152/708/152
f 151/709/151 152/710/152 169/711/169
f 150/712/150 151/713/151 171/714/171
f 149/715/149 150/716/150 173/717/173
f 149/718/149 173/719/173 148/720/148
f 148/721/148 175/722/175 147/723/147
f 147/724/147 176/725/176 145/726/145
f 146/727/146 145/728/145 157/729/157
f 159/730/159 161/731/161 157/732/157
f 161/733/161 163/734/163 160/735/160
f 166/736/166 164/737/164 163/738/163
f 168/739/168 165/740/165 166/741/166
f 180/742/180 167/743/167 168/744/168
f 180/745/180 170/746/170 167/747/167
f 170/748/170 172/749/172 169/750/169
f 172/751/172 174/752/174 171/753/171
f 177/754/177 175/755/175 174/756/174
f 179/757/179 158/758/158 178/759/178
f 178/760/178 176/761/176 177/762/177
f 181/763/181 182/764/182 183/765/183
f 184/766/184 183/767/183 182/768/182
f 185/769/185 184/770/184 182/771/182
f 186/772/186 184/773/184 185/774/185
f 187/775/187 184/776/184 186/777/186
f 188/778/188 184/779/184 187/780/187
f 189/781/189 184/782/184 188/783/188
f 190/784/190 189/785/189 188/786/188
f 191/787/191 189/788/189 190/789/190
f 192/790/192 189/791/189 191/792/191
f 196/793/196 205/794/205 206/795/206
f 196/796/196 206/797/206 207/798/207
f 195/799/195 207/800/207 208/801/208
f 193/802/193 208/803/208 209/804/209
f 197/805/197 209/806/209 210/807/210
f 198/808/198 210/809/210 211/810/211
f 199/811/199 211/812/211 212/813/212
f 199/814/199 212/815/212 213/816/213
f 200/817/200 213/818/213 214/819/214
f 202/820/202 214/821/214 215/822/215
f 204/823/204 215/824/215 216/825/216
f 201/826/201 216/827/216 205/828/205
f 204/829/204 216/830/216 201/831/201
f 203/832/203 215/833/215 204/834/204
f 203/835/203 202/836/202 215/837/215
f 202/838/202 200/839/200 214/840/214
f 200/841/200 199/842/199 213/843/213
f 198/844/198 211/845/211 199/846/199
f 197/847/197 210/848/210 198/849/198
f 194/850/194 209/851/209 197/852/197
f 194/853/194 193/854/193 209/855/209
f 193/856/193 195/857/195 208/858/208
f 195/859/195 196/860/196 207/861/207
f 201/862/201 205/863/205 196/864/196
f 229/865/229 230/866/230 231/867/231
f 232/868/232 233/869/233 229/870/229
f 234/871/234 235/872/235 232/873/232
f 236/874/236 235/875/235 234/876/234
f 237/877/237 238/878/238 236/879/236
f 239/880/239 240/881/240 237/882/237
f 241/883/241 242/884/242 239/885/239
f 243/886/243 244/887/244 241/888/241
f 245/889/245 246/890/246 243/891/243
f 247/892/247 246/893/246 245/894/245
f 248/895/248 249/896/249 247/897/247
f 231/898/231 250/899/250 248/900/248
f 251/901/251 231/902/231 230/903/230
f 218/904/218 229/905/229 231/906/231
f 218/907/218 231/908/231 248/909/248
f 219/910/219 248/911/248 247/912/247
f 220/913/220 247/914/247 245/915/245
f 222/916/222 245/917/245 243/918/243
f 223/919/223 243/920/243 241/921/241
f 224/922/224 241/923/241 239/924/239
f 224/925/224 239/926/239 237/927/237
f 225/928/225 237/929/237 236/930/236
f 226/931/226 236/932/236 234/933/234
f 228/934/228 234/935/234 232/936/232
f 217/937/217 232/938/232 229/939/229
f 228/940/228 232/941/232 217/942/217
f 227/943/227 234/944/234 228/945/228
f 227/946/227 226/947/226 234/948/234
f 226/949/226 225/950/225 236/951/236
f 225/952/225 224/953/224 237/954/237
f 223/955/223 241/956/241 224/957/224
f 222/958/222 243/959/243 223/960/223
f 221/961/221 245/962/245 222/963/222
f 221/964/221 220/965/220 245/966/245
f 220/967/220 219/968/219 247/969/247
f 219/970/219 218/971/218 248/972/248
f 217/973/217 229/974/229 218/975/218
f 230/976/230 229/977/229 233/978/233
f 233/979/233 232/980/232 235/981/235
f 238/982/238 235/983/235 236/984/236
f 240/985/240 238/986/238 237/987/237
f 252/988/252 240/989/240 239/990/239
f 252/991/252 239/992/239 242/993/242
f 242/994/242 241/995/241 244/996/244
f 244/997/244 243/998/243 246/999/246
f 249/1000/249 246/1001/246 247/1002/247
f 251/1003/251 250/1004/250 231/1005/231
f 250/1006/250 249/1007/249 248/1008/248
f 253/1009/253 254/1010/254 255/1011/255
f 253/1012/253 255/1013/255 256/1014/256
f 257/1015/257 258/1016/258 259/1017/259
f 260/1018/260 261/1019/261 262/1020/262
f 263/1021/263 264/1022/264 260/1023/260
f 259/1024/259 265/1025/265 257/1026/257
f 254/1027/254 266/1028/266 267/1029/267
f 268/1030/268 269/1031/269 270/1032/270
f 256/1033/256 271/1034/271 272/1035/272
f 261/1036/261 273/1037/273 262/1038/262
f 274/1039/274 275/1040/275 276/1041/276
f 253/1042/253 277/1043/277 254/1044/254
f 253/1045/253 278/1046/278 279/1047/279
f 280/1048/280 262/1049/262 273/1050/273
f 281/1051/281 260/1052/260 264/1053/264
f 280/1054/280 260/1055/260 262/1056/262
f 275/1057/275 282/1058/282 283/1059/283
f 277/1060/277 284/1061/284 254/1062/254
f 268/1063/268 284/1064/284 269/1065/269
f 285/1066/285 269/1067/269 284/1068/284
f 286/1069/286 270/1070/270 269/1071/269
f 287/1072/287 270/1073/270 288/1074/288
f 255/1075/255 283/1076/283 259/1077/259
f 283/1078/283 266/1079/266 289/1080/289
f 266/1081/266 268/1082/268 276/1083/276
f 268/1084/268 270/1085/270 287/1086/287
f 256/1087/256 255/1088/255 259/1089/259
f 277/1090/277 253/1091/253 279/1092/279
f 290/1093/290 291/1094/291 274/1095/274
f 292/1096/292 293/1097/293 287/1098/287
f 293/1099/293 276/1100/276 287/1101/287
f 294/1102/294 274/1103/274 291/1104/291
f 264/1105/264 275/1106/275 294/1107/294
f 275/1108/275 283/1109/283 289/1110/289
f 295/1111/295 256/1112/256 272/1113/272
f 278/1114/278 296/1115/296 279/1116/279
f 258/1117/258 297/1118/297 259/1119/259
f 297/1120/297 256/1121/256 259/1122/259
f 298/1123/298 295/1124/295 272/1125/272
f 299/1126/299 296/1127/296 298/1128/298
f 272/1129/272 300/1130/300 301/1131/301
f 271/1132/271 302/1133/302 272/1134/272
f 270/1135/270 303/1136/303 288/1137/288
f 286/1138/286 303/1139/303 270/1140/270
f 277/1141/277 304/1142/304 305/1143/305
f 285/1144/285 305/1145/305 306/1146/306
f 279/1147/279 304/1148/304 277/1149/277
f 273/1150/273 307/1151/307 280/1152/280
f 308/1153/308 309/1154/309 273/1155/273
f 310/1156/310 308/1157/308 291/1158/291
f 308/1159/308 261/1160/261 291/1161/291
f 261/1162/261 281/1163/281 291/1164/291
f 281/1165/281 264/1166/264 294/1167/294
f 297/1168/297 271/1169/271 256/1170/256
f 299/1171/299 298/1172/298 301/1173/301
f 298/1174/298 278/1175/278 295/1176/295
f 278/1177/278 253/1178/253 295/1179/295
f 282/1180/282 275/1181/275 264/1182/264
f 265/1183/265 311/1184/311 312/1185/312
f 311/1186/311 282/1187/282 264/1188/264
f 265/1189/265 312/1190/312 313/1191/313
f 265/1192/265 313/1193/313 257/1194/257
f 265/1195/265 259/1196/259 283/1197/283
f 314/1198/314 315/1199/315 316/1200/316
f 317/1201/317 315/1202/315 318/1203/318
f 319/1204/319 315/1205/315 317/1206/317
f 320/1207/320 321/1208/321 322/1209/322
f 321/1210/321 315/1211/315 319/1212/319
f 323/1213/323 320/1214/320 322/1215/322
f 324/1216/324 325/1217/325 326/1218/326
f 325/1219/325 301/1220/301 326/1221/326
f 327/1222/327 328/1223/328 329/1224/329
f 322/1225/322 330/1226/330 331/1227/331
f 330/1228/330 332/1229/332 333/1230/333
f 332/1231/332 334/1232/334 333/1233/333
f 334/1234/334 310/1235/310 333/1236/333
f 309/1237/309 334/1238/334 335/1239/335
f 307/1240/307 335/1241/335 336/1242/336
f 327/1243/327 337/1244/337 338/1245/338
f 326/1246/326 301/1247/301 300/1248/300
f 329/1249/329 328/1250/328 314/1251/314
f 328/1252/328 339/1253/339 314/1254/314
f 299/1255/299 325/1256/325 340/1257/340
f 329/1258/329 326/1259/326 300/1260/300
f 316/1261/316 323/1262/323 341/1263/341
f 323/1264/323 322/1265/322 331/1266/331
f 342/1267/342 331/1268/331 333/1269/333
f 343/1270/343 344/1271/344 345/1272/345
f 346/1273/346 288/1274/288 347/1275/347
f 333/1276/333 343/1277/343 342/1278/342
f 324/1279/324 304/1280/304 340/1281/340
f 348/1282/348 329/1283/329 314/1284/314
f 328/1285/328 327/1286/327 338/1287/338
f 303/1288/303 349/1289/349 347/1290/347
f 349/1291/349 350/1292/350 345/1293/345
f 350/1294/350 316/1295/316 341/1296/341
f 316/1297/316 348/1298/348 314/1299/314
f 303/1300/303 347/1301/347 288/1302/288
f 303/1303/303 306/1304/306 351/1305/351
f 351/1306/351 305/1307/305 352/1308/352
f 352/1309/352 349/1310/349 351/1311/351
f 352/1312/352 304/1313/304 353/1314/353
f 320/1315/320 323/1316/323 316/1317/316
f 354/1318/354 336/1319/336 355/1320/355
f 354/1321/354 330/1322/330 322/1323/322
f 355/1324/355 336/1325/336 335/1326/335
f 325/1327/325 324/1328/324 340/1329/340
f 304/1330/304 324/1331/324 353/1332/353
f 323/1333/323 342/1334/342 345/1335/345
f 335/1336/335 332/1337/332 355/1338/355
f 327/1339/327 329/1340/329 300/1341/300
f 351/1342/351 349/1343/349 303/1344/303
f 350/1345/350 353/1346/353 356/1347/356
f 315/1348/315 314/1349/314 318/1350/318
f 322/1351/322 357/1352/357 354/1353/354
f 332/1354/332 354/1355/354 355/1356/355
f 339/1357/339 318/1358/318 314/1359/314
f 348/1360/348 324/1361/324 329/1362/329
f 353/1363/353 324/1364/324 348/1365/348
f 353/1366/353 348/1367/348 356/1368/356
f 329/1369/329 324/1370/324 326/1371/326
f 354/1372/354 332/1373/332 330/1374/330
f 353/1375/353 350/1376/350 352/1377/352
f 332/1378/332 335/1379/335 334/1380/334
f 323/1381/323 345/1382/345 341/1383/341
f 336/1384/336 354/1385/354 357/1386/357
f 304/1387/304 352/1388/352 305/1389/305
f 349/1390/349 352/1391/352 350/1392/350
f 305/1393/305 351/1394/351 306/1395/306
f 348/1396/348 316/1397/316 356/1398/356
f 316/1399/316 350/1400/350 356/1401/356
f 345/1402/345 350/1403/350 341/1404/341
f 347/1405/347 349/1406/349 345/1407/345
f 343/1408/343 345/1409/345 342/1410/342
f 331/1411/331 342/1412/342 323/1413/323
f 299/1414/299 279/1415/279 296/1416/296
f 337/1417/337 327/1418/327 302/1419/302
f 335/1420/335 307/1421/307 309/1422/309
f 334/1423/334 309/1424/309 310/1425/310
f 333/1426/333 310/1427/310 358/1428/358
f 310/1429/310 359/1430/359 358/1431/358
f 330/1432/330 333/1433/333 331/1434/331
f 301/1435/301 325/1436/325 299/1437/299
f 321/1438/321 320/1439/320 315/1440/315
f 316/1441/316 315/1442/315 320/1443/320
f 265/1444/265 283/1445/283 282/1446/282
f 282/1447/282 311/1448/311 265/1449/265
f 278/1450/278 298/1451/298 296/1452/296
f 291/1453/291 281/1454/281 294/1455/294
f 291/1456/291 360/1457/360 310/1458/310
f 360/1459/360 359/1460/359 310/1461/310
f 309/1462/309 308/1463/308 310/1464/310
f 307/1465/307 273/1466/273 309/1467/309
f 304/1468/304 279/1469/279 340/1470/340
f 285/1471/285 306/1472/306 286/1473/286
f 277/1474/277 305/1475/305 285/1476/285
f 303/1477/303 286/1478/286 306/1479/306
f 271/1480/271 337/1481/337 302/1482/302
f 272/1483/272 302/1484/302 300/1485/300
f 300/1486/300 302/1487/302 327/1488/327
f 272/1489/272 301/1490/301 298/1491/298
f 274/1492/274 294/1493/294 275/1494/275
f 276/1495/276 290/1496/290 274/1497/274
f 268/1498/268 287/1499/287 276/1500/276
f 266/1501/266 276/1502/276 289/1503/289
f 266/1504/266 283/1505/283 267/1506/267
f 283/1507/283 255/1508/255 267/1509/267
f 269/1510/269 285/1511/285 286/1512/286
f 284/1513/284 268/1514/268 266/1515/266
f 284/1516/284 277/1517/277 285/1518/285
f 260/1519/260 280/1520/280 263/1521/263
f 276/1522/276 275/1523/275 289/1524/289
f 273/1525/273 261/1526/261 308/1527/308
f 266/1528/266 254/1529/254 284/1530/284
f 261/1531/261 260/1532/260 281/1533/281
f 258/1534/258 361/1535/361 297/1536/297
f 253/1537/253 256/1538/256 295/1539/295
f 255/1540/255 254/1541/254 267/1542/267
f 279/1543/279 299/1544/299 340/1545/340
f 361/1546/361 337/1547/337 271/1548/271
f 297/1549/297 361/1550/361 271/1551/271
f 328/1552/328 338/1553/338 339/1554/339
f 358/1555/358 362/1556/362 333/1557/333
f 363/1558/363 364/1559/364 359/1560/359
f 365/1561/365 366/1562/366 360/1563/360
f 363/1564/363 346/1565/346 364/1566/364
f 292/1567/292 366/1568/366 365/1569/365
f 345/1570/345 344/1571/344 347/1572/347
f 346/1573/346 347/1574/347 344/1575/344
f 290/1576/290 276/1577/276 293/1578/293
f 288/1579/288 292/1580/292 287/1581/287
f 364/1582/364 362/1583/362 358/1584/358
f 291/1585/291 365/1586/365 360/1587/360
f 366/1588/366 363/1589/363 359/1590/359
f 362/1591/362 364/1592/364 346/1593/346
f 363/1594/363 366/1595/366 292/1596/292
f 367/1597/367 368/1598/368 369/1599/369
f 370/1600/370 371/1601/371 372/1602/372
f 368/1603/368 373/1604/373 374/1605/374
f 372/1606/372 371/1607/371 375/1608/375
f 369/1609/369 374/1610/374 371/1611/371
f 374/1612/374 376/1613/376 371/1614/371
f 376/1615/376 375/1616/375 371/1617/371
f 372/1618/372 375/1619/375 370/1620/370
f 370/1621/370 377/1622/377 371/1623/371
f 369/1624/369 378/1625/378 367/1626/367
f 369/1627/369 371/1628/371 378/1629/378
f 371/1630/371 377/1631/377 378/1632/378
f 379/1633/379 380/1634/380 377/1635/377
f 380/1636/380 381/1637/381 377/1638/377
f 381/1639/381 378/1640/378 377/1641/377
f 377/1642/377 382/1643/382 379/1644/379
f 383/1645/383 384/1646/384 381/1647/381
f 377/1648/377 385/1649/385 382/1650/382
f 384/1651/384 367/1652/367 378/1653/378
f 384/1654/384 378/1655/378 381/1656/381
f 383/1657/383 381/1658/381 380/1659/380
f 379/1660/379 383/1661/383 380/1662/380
f 382/1663/382 385/1664/385 379/1665/379
f 377/1666/377 370/1667/370 385/1668/385
f 373/1669/373 375/1670/375 376/1671/376
f 374/1672/374 373/1673/373 376/1674/376
f 369/1675/369 368/1676/368 374/1677/374
f 399/1678/399 400/1679/400 387/1680/387
f 400/1681/400 401/1682/401 387/1683/387
f 388/1684/388 402/1685/402 389/1686/389
f 403/1687/403 404/1688/404 400/1689/400
f 405/1690/405 406/1691/406 407/1692/407
f 408/1693/408 404/1694/404 409/1695/409
f 410/1696/410 411/1697/411 412/1698/412
f 413/1699/413 414/1700/414 415/1701/415
f 416/1702/416 413/1703/413 417/1704/417
f 411/1705/411 418/1706/418 419/1707/419
f 418/1708/418 411/1709/411 420/1710/420
f 421/1711/421 422/1712/422 423/1713/423
f 424/1714/424 425/1715/425 426/1716/426
f 427/1717/427 424/1718/424 426/1719/426
f 428/1720/428 421/1721/421 429/1722/429
f 430/1723/430 428/1724/428 431/1725/431
f 425/1726/425 430/1727/430 431/1728/431
f 432/1729/432 433/1730/433 387/1731/387
f 433/1732/433 434/1733/434 387/1734/387
f 386/1735/386 432/1736/432 387/1737/387
f 434/1738/434 399/1739/399 387/1740/387
f 405/1741/405 435/1742/435 436/1743/436
f 435/1744/435 437/1745/437 436/1746/436
f 406/1747/406 405/1748/405 438/1749/438
f 439/1750/439 437/1751/437 435/1752/435
f 407/1753/407 440/1754/440 405/1755/405
f 438/1756/438 405/1757/405 436/1758/436
f 441/1759/441 436/1760/436 442/1761/442
f 436/1762/436 437/1763/437 442/1764/442
f 411/1765/411 419/1766/419 416/1767/416
f 415/1768/415 414/1769/414 409/1770/409
f 427/1771/427 421/1772/421 443/1773/443
f 420/1774/420 411/1775/411 410/1776/410
f 413/1777/413 415/1778/415 417/1779/417
f 415/1780/415 409/1781/409 444/1782/444
f 409/1783/409 420/1784/420 410/1785/410
f 409/1786/409 410/1787/410 444/1788/444
f 413/1789/413 416/1790/416 419/1791/419
f 444/1792/444 410/1793/410 412/1794/412
f 415/1795/415 444/1796/444 412/1797/412
f 417/1798/417 415/1799/415 412/1800/412
f 416/1801/416 417/1802/417 412/1803/412
f 411/1804/411 416/1805/416 412/1806/412
f 429/1807/429 421/1808/421 423/1809/423
f 431/1810/431 429/1811/429 423/1812/423
f 445/1813/445 423/1814/423 426/1815/426
f 422/1816/422 426/1817/426 423/1818/423
f 445/1819/445 431/1820/431 423/1821/423
f 400/1822/400 446/1823/446 401/1824/401
f 406/1825/406 438/1826/438 402/1827/402
f 438/1828/438 441/1829/441 390/1830/390
f 441/1831/441 391/1832/391 390/1833/390
f 441/1834/441 442/1835/442 391/1836/391
f 439/1837/439 435/1838/435 440/1839/440
f 414/1840/414 443/1841/443 409/1842/409
f 443/1843/443 408/1844/408 409/1845/409
f 428/1846/428 430/1847/430 408/1848/408
f 430/1849/430 425/1850/425 446/1851/446
f 446/1852/446 424/1853/424 413/1854/413
f 424/1855/424 414/1856/414 413/1857/413
f 447/1858/447 448/1859/448 449/1860/449
f 448/1861/448 450/1862/450 449/1863/449
f 451/1864/451 452/1865/452 450/1866/450
f 452/1867/452 453/1868/453 454/1869/454
f 454/1870/454 455/1871/455 456/1872/456
f 455/1873/455 447/1874/447 456/1875/456
f 457/1876/457 458/1877/458 459/1878/459
f 460/1879/460 461/1880/461 392/1881/392
f 392/1882/392 461/1883/461 394/1884/394
f 461/1885/461 462/1886/462 394/1887/394
f 462/1888/462 463/1889/463 464/1890/464
f 450/1891/450 465/1892/465 466/1893/466
f 467/1894/467 468/1895/468 469/1896/469
f 470/1897/470 471/1898/471 469/1899/469
f 469/1900/469 468/1901/468 470/1902/470
f 472/1903/472 467/1904/467 469/1905/469
f 473/1906/473 472/1907/472 469/1908/469
f 474/1909/474 475/1910/475 476/1911/476
f 477/1912/477 474/1913/474 476/1914/476
f 478/1915/478 477/1916/477 476/1917/476
f 479/1918/479 478/1919/478 476/1920/476
f 480/1921/480 479/1922/479 476/1923/476
f 474/1924/474 449/1925/449 419/1926/419
f 480/1927/480 456/1928/456 479/1929/479
f 420/1930/420 456/1931/456 480/1932/480
f 456/1933/456 478/1934/478 479/1935/479
f 478/1936/478 449/1937/449 477/1938/477
f 475/1939/475 420/1940/420 480/1941/480
f 475/1942/475 419/1943/419 418/1944/418
f 473/1945/473 481/1946/481 455/1947/455
f 447/1948/447 478/1949/478 456/1950/456
f 419/1951/419 475/1952/475 474/1953/474
f 482/1954/482 483/1955/483 460/1956/460
f 483/1957/483 461/1958/461 460/1959/460
f 484/1960/484 462/1961/462 483/1962/483
f 459/1963/459 485/1964/485 484/1965/484
f 482/1966/482 458/1967/458 457/1968/457
f 484/1969/484 463/1970/463 462/1971/462
f 482/1972/482 457/1973/457 483/1974/483
f 457/1975/457 484/1976/484 483/1977/483
f 486/1978/486 487/1979/487 398/1980/398
f 488/1981/488 393/1982/393 398/1983/398
f 487/1984/487 489/1985/489 398/1986/398
f 489/1987/489 488/1988/488 398/1989/398
f 452/1990/452 451/1991/451 467/1992/467
f 453/1993/453 452/1994/452 467/1995/467
f 455/1996/455 453/1997/453 473/1998/473
f 448/1999/448 481/2000/481 470/2001/470
f 451/2002/451 448/2003/448 470/2004/470
f 471/2005/471 473/2006/473 469/2007/469
f 475/2008/475 418/2009/418 420/2010/420
f 449/2011/449 474/2012/474 477/2013/477
f 447/2014/447 449/2015/449 478/2016/478
f 475/2017/475 480/2018/480 476/2019/476
f 490/2020/490 454/2021/454 456/2022/456
f 463/2023/463 484/2024/484 485/2025/485
f 490/2026/490 491/2027/491 465/2028/465
f 465/2029/465 486/2030/486 398/2031/398
f 464/2032/464 396/2033/396 395/2034/395
f 491/2035/491 486/2036/486 465/2037/465
f 466/2038/466 465/2039/465 398/2040/398
f 473/2041/473 453/2042/453 472/2043/472
f 421/2044/421 428/2045/428 443/2046/443
f 490/2047/490 465/2048/465 454/2049/454
f 449/2050/449 397/2051/397 419/2052/419
f 451/2053/451 470/2054/470 468/2055/468
f 470/2056/470 481/2057/481 471/2058/471
f 453/2059/453 467/2060/467 472/2061/472
f 467/2062/467 451/2063/451 468/2064/468
f 459/2065/459 484/2066/484 457/2067/457
f 483/2068/483 462/2069/462 461/2070/461
f 481/2071/481 473/2072/473 471/2073/471
f 462/2074/462 464/2075/464 395/2076/395
f 394/2077/394 462/2078/462 395/2079/395
f 447/2080/447 455/2081/455 481/2082/481
f 455/2083/455 454/2084/454 453/2085/453
f 452/2086/452 454/2087/454 465/2088/465
f 450/2089/450 452/2090/452 465/2091/465
f 450/2092/450 448/2093/448 451/2094/451
f 448/2095/448 447/2096/447 481/2097/481
f 414/2098/414 424/2099/424 427/2100/427
f 424/2101/424 446/2102/446 425/2103/425
f 430/2104/430 446/2105/446 400/2106/400
f 408/2107/408 430/2108/430 400/2109/400
f 408/2110/408 443/2111/443 428/2112/428
f 443/2113/443 414/2114/414 427/2115/427
f 438/2116/438 390/2117/390 389/2118/389
f 402/2119/402 438/2120/438 389/2121/389
f 413/2122/413 419/2123/419 397/2124/397
f 421/2125/421 427/2126/427 422/2127/422
f 438/2128/438 436/2129/436 441/2130/441
f 405/2131/405 440/2132/440 435/2133/435
f 425/2134/425 431/2135/431 445/2136/445
f 431/2137/431 428/2138/428 429/2139/429
f 427/2140/427 426/2141/426 422/2142/422
f 426/2143/426 425/2144/425 445/2145/445
f 400/2146/400 404/2147/404 408/2148/408
f 399/2149/399 403/2150/403 400/2151/400
f 492/2152/492 493/2153/493 494/2154/494
f 495/2155/495 496/2156/496 497/2157/497
f 496/2158/496 495/2159/495 498/2160/498
f 498/2161/498 495/2162/495 499/2163/499
f 499/2164/499 495/2165/495 500/2166/500
f 500/2167/500 495/2168/495 501/2169/501
f 501/2170/501 495/2171/495 502/2172/502
f 502/2173/502 495/2174/495 503/2175/503
f 503/2176/503 495/2177/495 504/2178/504
f 493/2179/493 492/2180/492 505/2181/505
f 493/2182/493 505/2183/505 506/2184/506
f 493/2185/493 506/2186/506 507/2187/507
f 493/2188/493 507/2189/507 508/2190/508
f 493/2191/493 508/2192/508 509/2193/509
f 493/2194/493 509/2195/509 510/2196/510
f 493/2197/493 510/2198/510 511/2199/511
f 518/2200/518 517/2201/517 524/2202/524
f 512/2203/512 525/2204/525 515/2205/515
f 513/2206/513 527/2207/527 514/2208/514
f 521/2209/521 522/2210/522 526/2211/526
f 523/2212/523 528/2213/528 522/2214/522
f 520/2215/520 519/2216/519 524/2217/524
f 515/2218/515 527/2219/527 516/2220/516
f 520/2221/520 525/2222/525 512/2223/512
f 518/2224/518 524/2225/524 519/2226/519
f 513/2227/513 516/2228/516 527/2229/527
f 533/2230/533 529/2231/529 534/2232/534
f 533/2233/533 534/2234/534 536/2235/536
f 530/2236/530 533/2237/533 536/2238/536
f 535/2239/535 530/2240/530 536/2241/536
f 530/2242/530 537/2243/537 538/2244/538
f 539/2245/539 531/2246/531 538/2247/538
f 532/2248/532 531/2249/531 539/2250/539
f 531/2251/531 530/2252/530 538/2253/538
f 607/2254/607 608/2255/608 609/2256/609
f 556/2257/556 610/2258/610 557/2259/557
f 611/2260/611 612/2261/612 613/2262/613
f 551/2263/551 614/2264/614 615/2265/615
f 614/2266/614 616/2267/616 615/2268/615
f 610/2269/610 613/2270/613 614/2271/614
f 617/2272/617 618/2273/618 611/2274/611
f 613/2275/613 619/2276/619 616/2277/616
f 612/2278/612 620/2279/620 619/2280/619
f 618/2281/618 621/2282/621 612/2283/612
f 622/2284/622 623/2285/623 624/2286/624
f 592/2287/592 625/2288/625 590/2289/590
f 599/2290/599 626/2291/626 598/2292/598
f 598/2293/598 627/2294/627 597/2295/597
f 597/2296/597 622/2297/622 596/2298/596
f 596/2299/596 624/2300/624 595/2301/595
f 624/2302/624 594/2303/594 595/2304/595
f 628/2305/628 593/2306/593 594/2307/594
f 629/2308/629 591/2309/591 593/2310/593
f 591/2311/591 630/2312/630 592/2313/592
f 631/2314/631 632/2315/632 633/2316/633
f 634/2317/634 579/2318/579 635/2319/635
f 636/2320/636 637/2321/637 585/2322/585
f 638/2323/638 639/2324/639 640/2325/640
f 580/2326/580 641/2327/641 623/2328/623
f 621/2329/621 642/2330/642 620/2331/620
f 609/2332/609 583/2333/583 584/2334/584
f 643/2335/643 584/2336/584 582/2337/582
f 644/2338/644 639/2339/639 645/2340/645
f 646/2341/646 647/2342/647 639/2343/639
f 647/2344/647 648/2345/648 649/2346/649
f 609/2347/609 644/2348/644 607/2349/607
f 650/2350/650 651/2351/651 635/2352/635
f 652/2353/652 580/2354/580 623/2355/623
f 652/2356/652 578/2357/578 577/2358/577
f 559/2359/559 653/2360/653 562/2361/562
f 563/2362/563 653/2363/653 654/2364/654
f 655/2365/655 656/2366/656 657/2367/657
f 658/2368/658 659/2369/659 660/2370/660
f 661/2371/661 662/2372/662 663/2373/663
f 662/2374/662 664/2375/664 665/2376/665
f 665/2377/665 658/2378/658 666/2379/666
f 567/2380/567 667/2381/667 568/2382/568
f 566/2383/566 659/2384/659 567/2385/567
f 668/2386/668 669/2387/669 670/2388/670
f 642/2389/642 671/2390/671 620/2391/620
f 565/2392/565 672/2393/672 673/2394/673
f 565/2395/565 673/2396/673 573/2397/573
f 673/2398/673 674/2399/674 675/2400/675
f 676/2401/676 563/2402/563 654/2403/654
f 665/2404/665 677/2405/677 678/2406/678
f 679/2407/679 680/2408/680 561/2409/561
f 681/2410/681 682/2411/682 554/2412/554
f 569/2413/569 683/2414/683 657/2415/657
f 684/2416/684 682/2417/682 681/2418/681
f 685/2419/685 587/2420/587 589/2421/589
f 587/2422/587 686/2423/686 600/2424/600
f 600/2425/600 687/2426/687 601/2427/601
f 601/2428/601 688/2429/688 602/2430/602
f 688/2431/688 603/2432/603 602/2433/602
f 689/2434/689 604/2435/604 603/2436/603
f 690/2437/690 605/2438/605 604/2439/604
f 691/2440/691 606/2441/606 605/2442/605
f 692/2443/692 589/2444/589 588/2445/588
f 654/2446/654 689/2447/689 688/2448/688
f 671/2449/671 693/2450/693 694/2451/694
f 620/2452/620 694/2453/694 619/2454/619
f 619/2455/619 695/2456/695 616/2457/616
f 693/2458/693 696/2459/696 697/2460/697
f 695/2461/695 698/2462/698 699/2463/699
f 616/2464/616 699/2465/699 615/2466/615
f 699/2467/699 551/2468/551 615/2469/615
f 694/2470/694 697/2471/697 695/2472/695
f 698/2473/698 553/2474/553 552/2475/552
f 700/2476/700 660/2477/660 659/2478/659
f 701/2479/701 702/2480/702 703/2481/703
f 702/2482/702 642/2483/642 674/2484/674
f 561/2485/561 560/2486/560 679/2487/679
f 581/2488/581 586/2489/586 637/2490/637
f 586/2491/586 585/2492/585 637/2493/637
f 704/2494/704 705/2495/705 706/2496/706
f 553/2497/553 706/2498/706 554/2499/554
f 707/2500/707 556/2501/556 708/2502/708
f 707/2503/707 708/2504/708 709/2505/709
f 555/2506/555 708/2507/708 556/2508/556
f 704/2509/704 706/2510/706 553/2511/553
f 710/2512/710 544/2513/544 711/2514/711
f 712/2515/712 692/2516/692 711/2517/711
f 712/2518/712 713/2519/713 692/2520/692
f 713/2521/713 712/2522/712 630/2523/630
f 685/2524/685 692/2525/692 713/2526/713
f 710/2527/710 711/2528/711 692/2529/692
f 712/2530/712 711/2531/711 625/2532/625
f 714/2533/714 715/2534/715 716/2535/716
f 717/2536/717 713/2537/713 718/2538/718
f 713/2539/713 630/2540/630 718/2541/718
f 719/2542/719 720/2543/720 630/2544/630
f 685/2545/685 716/2546/716 715/2547/715
f 721/2548/721 722/2549/722 720/2550/720
f 723/2551/723 724/2552/724 717/2553/717
f 725/2554/725 726/2555/726 727/2556/727
f 728/2557/728 729/2558/729 730/2559/730
f 731/2560/731 732/2561/732 733/2562/733
f 734/2563/734 732/2564/732 735/2565/735
f 736/2566/736 735/2567/735 737/2568/737
f 731/2569/731 737/2570/737 735/2571/735
f 725/2572/725 738/2573/738 739/2574/739
f 740/2575/740 741/2576/741 738/2577/738
f 740/2578/740 738/2579/738 742/2580/742
f 723/2581/723 743/2582/743 724/2583/724
f 723/2584/723 722/2585/722 744/2586/744
f 718/2587/718 722/2588/722 717/2589/717
f 716/2590/716 717/2591/717 724/2592/724
f 718/2593/718 720/2594/720 722/2595/722
f 716/2596/716 724/2597/724 714/2598/714
f 549/2599/549 550/2600/550 626/2601/626
f 543/2602/543 691/2603/691 541/2604/541
f 599/2605/599 590/2606/590 745/2607/745
f 692/2608/692 588/2609/588 710/2610/710
f 740/2611/740 746/2612/746 741/2613/741
f 721/2614/721 741/2615/741 746/2616/746
f 740/2617/740 742/2618/742 746/2619/746
f 742/2620/742 744/2621/744 746/2622/746
f 721/2623/721 746/2624/746 744/2625/744
f 747/2626/747 705/2627/705 696/2628/696
f 689/2629/689 541/2630/541 690/2631/690
f 701/2632/701 747/2633/747 693/2634/693
f 748/2635/748 749/2636/749 750/2637/750
f 751/2638/751 752/2639/752 736/2640/736
f 714/2641/714 750/2642/750 715/2643/715
f 735/2644/735 714/2645/714 734/2646/734
f 730/2647/730 753/2648/753 733/2649/733
f 753/2650/753 737/2651/737 733/2652/733
f 734/2653/734 714/2654/714 724/2655/724
f 734/2656/734 724/2657/724 743/2658/743
f 698/2659/698 697/2660/697 696/2661/696
f 754/2662/754 755/2663/755 756/2664/756
f 683/2665/683 655/2666/655 657/2667/657
f 671/2668/671 702/2669/702 701/2670/701
f 753/2671/753 730/2672/730 729/2673/729
f 753/2674/753 751/2675/751 736/2676/736
f 682/2677/682 668/2678/668 670/2679/670
f 654/2680/654 757/2681/757 676/2682/676
f 691/2683/691 543/2684/543 710/2685/710
f 654/2686/654 688/2687/688 757/2688/757
f 758/2689/758 759/2690/759 760/2691/760
f 558/2692/558 679/2693/679 560/2694/560
f 660/2695/660 700/2696/700 760/2697/760
f 756/2698/756 676/2699/676 754/2700/754
f 750/2701/750 714/2702/714 735/2703/735
f 750/2704/750 736/2705/736 752/2706/752
f 713/2707/713 717/2708/717 685/2709/685
f 717/2710/717 716/2711/716 685/2712/685
f 679/2713/679 558/2714/558 761/2715/761
f 553/2716/553 698/2717/698 704/2718/704
f 752/2719/752 751/2720/751 762/2721/762
f 748/2722/748 752/2723/752 755/2724/755
f 677/2725/677 759/2726/759 763/2727/763
f 667/2728/667 658/2729/658 664/2730/664
f 747/2731/747 764/2732/764 705/2733/705
f 765/2734/765 683/2735/683 766/2736/766
f 765/2737/765 766/2738/766 767/2739/767
f 750/2740/750 686/2741/686 715/2742/715
f 697/2743/697 694/2744/694 693/2745/693
f 668/2746/668 752/2747/752 762/2748/762
f 767/2749/767 672/2750/672 680/2751/680
f 679/2752/679 765/2753/765 767/2754/767
f 703/2755/703 767/2756/767 766/2757/766
f 755/2758/755 684/2759/684 681/2760/681
f 681/2761/681 705/2762/705 755/2763/755
f 681/2764/681 554/2765/554 706/2766/706
f 551/2767/551 699/2768/699 552/2769/552
f 699/2770/699 616/2771/616 695/2772/695
f 697/2773/697 698/2774/698 695/2775/695
f 698/2776/698 552/2777/552 699/2778/699
f 696/2779/696 693/2780/693 747/2781/747
f 695/2782/695 619/2783/619 694/2784/694
f 704/2785/704 698/2786/698 696/2787/696
f 706/2788/706 705/2789/705 681/2790/681
f 704/2791/704 696/2792/696 705/2793/705
f 764/2794/764 766/2795/766 683/2796/683
f 705/2797/705 764/2798/764 755/2799/755
f 764/2800/764 683/2801/683 755/2802/755
f 668/2803/668 684/2804/684 752/2805/752
f 684/2806/684 755/2807/755 752/2808/752
f 683/2809/683 765/2810/765 655/2811/655
f 765/2812/765 679/2813/679 761/2814/761
f 620/2815/620 671/2816/671 694/2817/694
f 671/2818/671 701/2819/701 693/2820/693
f 766/2821/766 701/2822/701 703/2823/703
f 764/2824/764 747/2825/747 766/2826/766
f 656/2827/656 663/2828/663 768/2829/768
f 541/2830/541 689/2831/689 542/2832/542
f 678/2833/678 677/2834/677 763/2835/763
f 760/2836/760 759/2837/759 666/2838/666
f 690/2839/690 541/2840/541 691/2841/691
f 688/2842/688 687/2843/687 757/2844/757
f 687/2845/687 686/2846/686 757/2847/757
f 689/2848/689 654/2849/654 653/2850/653
f 544/2851/544 710/2852/710 543/2853/543
f 692/2854/692 685/2855/685 589/2856/589
f 606/2857/606 710/2858/710 588/2859/588
f 691/2860/691 710/2861/710 606/2862/606
f 690/2863/690 691/2864/691 605/2865/605
f 689/2866/689 690/2867/690 604/2868/604
f 688/2869/688 689/2870/689 603/2871/603
f 687/2872/687 688/2873/688 601/2874/601
f 686/2875/686 687/2876/687 600/2877/600
f 715/2878/715 686/2879/686 587/2880/587
f 685/2881/685 715/2882/715 587/2883/587
f 749/2884/749 755/2885/755 754/2886/754
f 749/2887/749 748/2888/748 755/2889/755
f 752/2890/752 748/2891/748 750/2892/750
f 750/2893/750 749/2894/749 686/2895/686
f 686/2896/686 749/2897/749 757/2898/757
f 757/2899/757 749/2900/749 754/2901/754
f 761/2902/761 769/2903/769 661/2904/661
f 663/2905/663 678/2906/678 763/2907/763
f 661/2908/661 765/2909/765 761/2910/761
f 747/2911/747 701/2912/701 766/2913/766
f 668/2914/668 682/2915/682 684/2916/684
f 540/2917/540 545/2918/545 758/2919/758
f 770/2920/770 545/2921/545 572/2922/572
f 689/2923/689 653/2924/653 542/2925/542
f 572/2926/572 656/2927/656 768/2928/768
f 676/2929/676 757/2930/757 754/2931/754
f 569/2932/569 756/2933/756 683/2934/683
f 756/2935/756 755/2936/755 683/2937/683
f 750/2938/750 735/2939/735 736/2940/736
f 753/2941/753 736/2942/736 737/2943/737
f 733/2944/733 734/2945/734 743/2946/743
f 733/2947/733 743/2948/743 771/2949/771
f 730/2950/730 733/2951/733 771/2952/771
f 734/2953/734 733/2954/733 732/2955/732
f 731/2956/731 733/2957/733 737/2958/737
f 753/2959/753 729/2960/729 751/2961/751
f 729/2962/729 728/2963/728 751/2964/751
f 731/2965/731 735/2966/735 732/2967/732
f 679/2968/679 767/2969/767 680/2970/680
f 674/2971/674 703/2972/703 702/2973/702
f 672/2974/672 703/2975/703 674/2976/674
f 703/2977/703 672/2978/672 767/2979/767
f 558/2980/558 772/2981/772 761/2982/761
f 665/2983/665 666/2984/666 677/2985/677
f 759/2986/759 677/2987/677 666/2988/666
f 666/2989/666 660/2990/660 760/2991/760
f 768/2992/768 663/2993/663 763/2994/763
f 700/2995/700 540/2996/540 760/2997/760
f 545/2998/545 770/2999/770 759/3000/759
f 770/3001/770 763/3002/763 759/3003/759
f 563/3004/563 676/3005/676 571/3006/571
f 642/3007/642 702/3008/702 671/3009/671
f 674/3010/674 642/3011/642 675/3012/675
f 674/3013/674 673/3014/673 672/3015/672
f 672/3016/672 565/3017/565 564/3018/564
f 743/3019/743 744/3020/744 771/3021/771
f 730/3022/730 771/3023/771 727/3024/727
f 745/3025/745 711/3026/711 544/3027/544
f 745/3028/745 625/3029/625 711/3030/711
f 625/3031/625 630/3032/630 712/3033/712
f 668/3034/668 773/3035/773 669/3036/669
f 668/3037/668 762/3038/762 773/3039/773
f 743/3040/743 723/3041/723 744/3042/744
f 730/3043/730 727/3044/727 728/3045/728
f 561/3046/561 680/3047/680 564/3048/564
f 680/3049/680 672/3050/672 564/3051/564
f 759/3052/759 758/3053/758 545/3054/545
f 540/3055/540 758/3056/758 760/3057/760
f 666/3058/666 658/3059/658 660/3060/660
f 700/3061/700 659/3062/659 566/3063/566
f 659/3064/659 667/3065/667 567/3066/567
f 667/3067/667 774/3068/774 568/3069/568
f 568/3070/568 774/3071/774 558/3072/558
f 774/3073/774 772/3074/772 558/3075/558
f 664/3076/664 774/3077/774 667/3078/667
f 566/3079/566 540/3080/540 700/3081/700
f 770/3082/770 572/3083/572 768/3084/768
f 768/3085/768 763/3086/763 770/3087/770
f 658/3088/658 665/3089/665 664/3090/664
f 662/3091/662 678/3092/678 663/3093/663
f 661/3094/661 663/3095/663 656/3096/656
f 662/3097/662 769/3098/769 664/3099/664
f 678/3100/678 662/3101/662 665/3102/665
f 772/3103/772 774/3104/774 664/3105/664
f 769/3106/769 772/3107/772 664/3108/664
f 769/3109/769 761/3110/761 772/3111/772
f 662/3112/662 661/3113/661 769/3114/769
f 658/3115/658 667/3116/667 659/3117/659
f 676/3118/676 756/3119/756 570/3120/570
f 569/3121/569 656/3122/656 572/3123/572
f 656/3124/656 655/3125/655 661/3126/661
f 655/3127/655 765/3128/765 661/3129/661
f 563/3130/563 562/3131/562 653/3132/653
f 656/3133/656 569/3134/569 657/3135/657
f 653/3136/653 559/3137/559 542/3138/542
f 570/3139/570 756/3140/756 569/3141/569
f 676/3142/676 570/3143/570 571/3144/571
f 574/3145/574 641/3146/641 575/3147/575
f 775/3148/775 574/3149/574 579/3150/579
f 578/3151/578 652/3152/652 548/3153/548
f 579/3154/579 576/3155/576 635/3156/635
f 577/3157/577 580/3158/580 652/3159/652
f 776/3160/776 651/3161/651 648/3162/648
f 651/3163/651 650/3164/650 648/3165/648
f 635/3166/635 576/3167/576 650/3168/650
f 775/3169/775 641/3170/641 574/3171/574
f 643/3172/643 644/3173/644 609/3174/609
f 648/3175/648 647/3176/647 777/3177/777
f 778/3178/778 777/3179/777 779/3180/779
f 779/3181/779 777/3182/777 646/3183/646
f 780/3184/780 779/3185/779 646/3186/646
f 647/3187/647 640/3188/640 639/3189/639
f 777/3190/777 647/3191/647 646/3192/646
f 649/3193/649 648/3194/648 650/3195/650
f 640/3196/640 647/3197/647 649/3198/649
f 639/3199/639 644/3200/644 646/3201/646
f 781/3202/781 782/3203/782 783/3204/783
f 576/3205/576 783/3206/783 782/3207/782
f 547/3208/547 583/3209/583 608/3210/608
f 780/3211/780 646/3212/646 643/3213/643
f 779/3214/779 780/3215/780 581/3216/581
f 780/3217/780 582/3218/582 581/3219/581
f 780/3220/780 643/3221/643 582/3222/582
f 643/3223/643 609/3224/609 584/3225/584
f 609/3226/609 608/3227/608 583/3228/583
f 644/3229/644 645/3230/645 607/3231/607
f 784/3232/784 547/3233/547 785/3234/785
f 784/3235/784 786/3236/786 546/3237/546
f 673/3238/673 636/3239/636 573/3240/573
f 636/3241/636 585/3242/585 573/3243/573
f 642/3244/642 621/3245/621 787/3246/787
f 642/3247/642 787/3248/787 675/3249/675
f 641/3250/641 580/3251/580 575/3252/575
f 781/3253/781 783/3254/783 786/3255/786
f 783/3256/783 546/3257/546 786/3258/786
f 547/3259/547 608/3260/608 785/3261/785
f 649/3262/649 782/3263/782 781/3264/781
f 607/3265/607 645/3266/645 785/3267/785
f 638/3268/638 786/3269/786 645/3270/645
f 645/3271/645 639/3272/639 638/3273/638
f 779/3274/779 581/3275/581 778/3276/778
f 673/3277/673 788/3278/788 789/3279/789
f 788/3280/788 673/3281/673 675/3282/675
f 788/3283/788 675/3284/675 787/3285/787
f 789/3286/789 637/3287/637 636/3288/636
f 723/3289/723 717/3290/717 722/3291/722
f 739/3292/739 738/3293/738 741/3294/741
f 725/3295/725 751/3296/751 726/3297/726
f 751/3298/751 728/3299/728 726/3300/726
f 725/3301/725 742/3302/742 738/3303/738
f 742/3304/742 727/3305/727 771/3306/771
f 744/3307/744 742/3308/742 771/3309/771
f 741/3310/741 790/3311/790 739/3312/739
f 633/3313/633 555/3314/555 631/3315/631
f 791/3316/791 775/3317/775 634/3318/634
f 775/3319/775 579/3320/579 634/3321/634
f 792/3322/792 641/3323/641 793/3324/793
f 650/3325/650 576/3326/576 782/3327/782
f 652/3328/652 622/3329/622 548/3330/548
f 546/3331/546 783/3332/783 576/3333/576
f 546/3334/546 547/3335/547 784/3336/784
f 631/3337/631 773/3338/773 632/3339/632
f 794/3340/794 795/3341/795 796/3342/796
f 776/3343/776 648/3344/648 778/3345/778
f 640/3346/640 649/3347/649 781/3348/781
f 777/3349/777 778/3350/778 648/3351/648
f 797/3352/797 792/3353/792 793/3354/793
f 797/3355/797 629/3356/629 792/3357/792
f 797/3358/797 790/3359/790 629/3360/629
f 798/3361/798 799/3362/799 790/3363/790
f 798/3364/798 797/3365/797 791/3366/791
f 791/3367/791 797/3368/797 793/3369/793
f 719/3370/719 630/3371/630 591/3372/591
f 629/3373/629 719/3374/719 591/3375/591
f 628/3376/628 629/3377/629 593/3378/593
f 624/3379/624 628/3380/628 594/3381/594
f 622/3382/622 624/3383/624 596/3384/596
f 627/3385/627 622/3386/622 597/3387/597
f 626/3388/626 627/3389/627 598/3390/598
f 745/3391/745 626/3392/626 599/3393/599
f 625/3394/625 745/3395/745 590/3396/590
f 630/3397/630 625/3398/625 592/3399/592
f 745/3400/745 544/3401/544 549/3402/549
f 627/3403/627 626/3404/626 550/3405/550
f 623/3406/623 622/3407/622 652/3408/652
f 629/3409/629 628/3410/628 792/3411/792
f 628/3412/628 624/3413/624 792/3414/792
f 786/3415/786 785/3416/785 645/3417/645
f 638/3418/638 640/3419/640 781/3420/781
f 622/3421/622 550/3422/550 548/3423/548
f 649/3424/649 650/3425/650 782/3426/782
f 795/3427/795 800/3428/800 796/3429/796
f 794/3430/794 796/3431/796 788/3432/788
f 794/3433/794 621/3434/621 618/3435/618
f 621/3436/621 620/3437/620 612/3438/612
f 637/3439/637 776/3440/776 778/3441/778
f 776/3442/776 634/3443/634 651/3444/651
f 791/3445/791 632/3446/632 799/3447/799
f 632/3448/632 773/3449/773 799/3450/799
f 634/3451/634 800/3452/800 791/3453/791
f 800/3454/800 709/3455/709 791/3456/791
f 796/3457/796 800/3458/800 634/3459/634
f 633/3460/633 708/3461/708 555/3462/555
f 617/3463/617 707/3464/707 709/3465/709
f 709/3466/709 708/3467/708 633/3468/633
f 610/3469/610 707/3470/707 617/3471/617
f 619/3472/619 613/3473/613 612/3474/612
f 618/3475/618 617/3476/617 795/3477/795
f 557/3478/557 610/3479/610 614/3480/614
f 610/3481/610 611/3482/611 613/3483/613
f 616/3484/616 614/3485/614 613/3486/613
f 614/3487/614 551/3488/551 557/3489/557
f 709/3490/709 633/3491/633 791/3492/791
f 632/3493/632 791/3494/791 633/3495/633
f 789/3496/789 796/3497/796 776/3498/776
f 776/3499/776 637/3500/637 789/3501/789
f 673/3502/673 789/3503/789 636/3504/636
f 799/3505/799 773/3506/773 762/3507/762
f 612/3508/612 611/3509/611 618/3510/618
f 629/3511/629 790/3512/790 719/3513/719
f 796/3514/796 789/3515/789 788/3516/788
f 634/3517/634 776/3518/776 796/3519/796
f 800/3520/800 795/3521/795 709/3522/709
f 644/3523/644 643/3524/643 646/3525/646
f 786/3526/786 638/3527/638 781/3528/781
f 799/3529/799 798/3530/798 791/3531/791
f 751/3532/751 799/3533/799 762/3534/762
f 718/3535/718 630/3536/630 720/3537/720
f 610/3538/610 556/3539/556 707/3540/707
f 739/3541/739 790/3542/790 799/3543/799
f 720/3544/720 790/3545/790 741/3546/741
f 641/3547/641 775/3548/775 793/3549/793
f 608/3550/608 607/3551/607 785/3552/785
f 778/3553/778 581/3554/581 637/3555/637
f 786/3556/786 784/3557/784 785/3558/785
f 624/3559/624 623/3560/623 792/3561/792
f 549/3562/549 626/3563/626 745/3564/745
f 792/3565/792 623/3566/623 641/3567/641
f 773/3568/773 631/3569/631 669/3570/669
f 751/3571/751 725/3572/725 739/3573/739
f 728/3574/728 727/3575/727 726/3576/726
f 787/3577/787 621/3578/621 794/3579/794
f 651/3580/651 634/3581/634 635/3582/635
f 791/3583/791 793/3584/793 775/3585/775
f 611/3586/611 610/3587/610 617/3588/617
f 721/3589/721 744/3590/744 722/3591/722
f 742/3592/742 725/3593/725 727/3594/727
f 720/3595/720 741/3596/741 721/3597/721
f 790/3598/790 720/3599/720 719/3600/719
f 799/3601/799 751/3602/751 739/3603/739
f 797/3604/797 798/3605/798 790/3606/790
f 795/3607/795 794/3608/794 618/3609/618
f 550/3610/550 622/3611/622 627/3612/627
f 709/3613/709 795/3614/795 617/3615/617
f 787/3616/787 794/3617/794 788/3618/788
f 801/3619/801 802/3620/802 808/3621/808
f 807/3622/807 804/3623/804 801/3624/801
f 803/3625/803 804/3626/804 805/3627/805
f 806/3628/806 805/3629/805 804/3630/804
f 804/3631/804 807/3632/807 806/3633/806
f 807/3634/807 801/3635/801 808/3636/808
